1.8.7	ARGF
1.8.7	ArgumentError
1.8.7	Array
1.8.7	Bignum
1.8.7	Binding
1.8.7	Class
1.8.7	Comparable
1.8.7	Continuation
1.8.7	Data
1.8.7	Dir
1.8.7	ENV
1.8.7	EOFError
1.8.7	Enumerable
1.8.7	Enumerable::Enumerator
1.8.7	Errno
1.8.7	Errno::E2BIG
1.8.7	Errno::EACCES
1.8.7	Errno::EADDRINUSE
1.8.7	Errno::EADDRNOTAVAIL
1.8.7	Errno::EADV
1.8.7	Errno::EAFNOSUPPORT
1.8.7	Errno::EAGAIN
1.8.7	Errno::EALREADY
1.8.7	Errno::EBADE
1.8.7	Errno::EBADF
1.8.7	Errno::EBADFD
1.8.7	Errno::EBADMSG
1.8.7	Errno::EBADR
1.8.7	Errno::EBADRQC
1.8.7	Errno::EBADSLT
1.8.7	Errno::EBFONT
1.8.7	Errno::EBUSY
1.8.7	Errno::ECHILD
1.8.7	Errno::ECHRNG
1.8.7	Errno::ECOMM
1.8.7	Errno::ECONNABORTED
1.8.7	Errno::ECONNREFUSED
1.8.7	Errno::ECONNRESET
1.8.7	Errno::EDEADLK
1.8.7	Errno::EDEADLOCK
1.8.7	Errno::EDESTADDRREQ
1.8.7	Errno::EDOM
1.8.7	Errno::EDOTDOT
1.8.7	Errno::EDQUOT
1.8.7	Errno::EEXIST
1.8.7	Errno::EFAULT
1.8.7	Errno::EFBIG
1.8.7	Errno::EHOSTDOWN
1.8.7	Errno::EHOSTUNREACH
1.8.7	Errno::EIDRM
1.8.7	Errno::EILSEQ
1.8.7	Errno::EINPROGRESS
1.8.7	Errno::EINTR
1.8.7	Errno::EINVAL
1.8.7	Errno::EIO
1.8.7	Errno::EISCONN
1.8.7	Errno::EISDIR
1.8.7	Errno::EISNAM
1.8.7	Errno::EL2HLT
1.8.7	Errno::EL2NSYNC
1.8.7	Errno::EL3HLT
1.8.7	Errno::EL3RST
1.8.7	Errno::ELIBACC
1.8.7	Errno::ELIBBAD
1.8.7	Errno::ELIBEXEC
1.8.7	Errno::ELIBMAX
1.8.7	Errno::ELIBSCN
1.8.7	Errno::ELNRNG
1.8.7	Errno::ELOOP
1.8.7	Errno::EMFILE
1.8.7	Errno::EMLINK
1.8.7	Errno::EMSGSIZE
1.8.7	Errno::EMULTIHOP
1.8.7	Errno::ENAMETOOLONG
1.8.7	Errno::ENAVAIL
1.8.7	Errno::ENETDOWN
1.8.7	Errno::ENETRESET
1.8.7	Errno::ENETUNREACH
1.8.7	Errno::ENFILE
1.8.7	Errno::ENOANO
1.8.7	Errno::ENOBUFS
1.8.7	Errno::ENOCSI
1.8.7	Errno::ENODATA
1.8.7	Errno::ENODEV
1.8.7	Errno::ENOENT
1.8.7	Errno::ENOEXEC
1.8.7	Errno::ENOLCK
1.8.7	Errno::ENOLINK
1.8.7	Errno::ENOMEM
1.8.7	Errno::ENOMSG
1.8.7	Errno::ENONET
1.8.7	Errno::ENOPKG
1.8.7	Errno::ENOPROTOOPT
1.8.7	Errno::ENOSPC
1.8.7	Errno::ENOSR
1.8.7	Errno::ENOSTR
1.8.7	Errno::ENOSYS
1.8.7	Errno::ENOTBLK
1.8.7	Errno::ENOTCONN
1.8.7	Errno::ENOTDIR
1.8.7	Errno::ENOTEMPTY
1.8.7	Errno::ENOTNAM
1.8.7	Errno::ENOTSOCK
1.8.7	Errno::ENOTTY
1.8.7	Errno::ENOTUNIQ
1.8.7	Errno::ENXIO
1.8.7	Errno::EOPNOTSUPP
1.8.7	Errno::EOVERFLOW
1.8.7	Errno::EPERM
1.8.7	Errno::EPFNOSUPPORT
1.8.7	Errno::EPIPE
1.8.7	Errno::EPROTO
1.8.7	Errno::EPROTONOSUPPORT
1.8.7	Errno::EPROTOTYPE
1.8.7	Errno::ERANGE
1.8.7	Errno::EREMCHG
1.8.7	Errno::EREMOTE
1.8.7	Errno::EREMOTEIO
1.8.7	Errno::ERESTART
1.8.7	Errno::EROFS
1.8.7	Errno::ERROR
1.8.7	Errno::ESHUTDOWN
1.8.7	Errno::ESOCKTNOSUPPORT
1.8.7	Errno::ESPIPE
1.8.7	Errno::ESRCH
1.8.7	Errno::ESRMNT
1.8.7	Errno::ESTALE
1.8.7	Errno::ESTRPIPE
1.8.7	Errno::ETIME
1.8.7	Errno::ETIMEDOUT
1.8.7	Errno::ETOOMANYREFS
1.8.7	Errno::ETXTBSY
1.8.7	Errno::EUCLEAN
1.8.7	Errno::EUNATCH
1.8.7	Errno::EUSERS
1.8.7	Errno::EWOULDBLOCK
1.8.7	Errno::EXDEV
1.8.7	Errno::EXFULL
1.8.7	Errno::EXXX
1.8.7	Exception
1.8.7	FalseClass
1.8.7	File
1.8.7	File::Constants
1.8.7	File::Stat
1.8.7	FileTest
1.8.7	Fixnum
1.8.7	Float
1.8.7	FloatDomainError
1.8.7	GC
1.8.7	Hash
1.8.7	IO
1.8.7	IOError
1.8.7	IndexError
1.8.7	Integer
1.8.7	Interrupt
1.8.7	Kernel
1.8.7	LoadError
1.8.7	LocalJumpError
1.8.7	Marshal
1.8.7	MatchData
1.8.7	Math
1.8.7	Method
1.8.7	Module
1.8.7	NameError
1.8.7	NilClass
1.8.7	NoMemoryError
1.8.7	NoMethodError
1.8.7	NotImplementedError
1.8.7	Numeric
1.8.7	Object
1.8.7	ObjectSpace
1.8.7	Precision
1.8.7	Proc
1.8.7	Process
1.8.7	Process::GID
1.8.7	Process::Status
1.8.7	Process::Sys
1.8.7	Process::UID
1.8.7	Range
1.8.7	RangeError
1.8.7	Regexp
1.8.7	RegexpError
1.8.7	RuntimeError
1.8.7	ScriptError
1.8.7	SecurityError
1.8.7	Signal
1.8.7	SignalException
1.8.7	StandardError
1.8.7	StopIteration
1.8.7	String
1.8.7	Struct
1.8.7	Struct::Tms
1.8.7	Symbol
1.8.7	SyntaxError
1.8.7	SystemCallError
1.8.7	SystemExit
1.8.7	SystemStackError
1.8.7	Thread
1.8.7	ThreadError
1.8.7	ThreadGroup
1.8.7	Time
1.8.7	TrueClass
1.8.7	TypeError
1.8.7	UnboundMethod
1.8.7	ZeroDivisionError
1.8.7	fatal
1.8.7	main
1.9.3	ARGF
1.9.3	ARGF.class
1.9.3	ArgumentError
1.9.3	Array
1.9.3	BasicObject
1.9.3	Bignum
1.9.3	Binding
1.9.3	Class
1.9.3	Comparable
1.9.3	Complex
1.9.3	Data
1.9.3	Dir
1.9.3	ENV
1.9.3	EOFError
1.9.3	Encoding
1.9.3	Encoding::CompatibilityError
1.9.3	Encoding::Converter
1.9.3	Encoding::ConverterNotFoundError
1.9.3	Encoding::InvalidByteSequenceError
1.9.3	Encoding::UndefinedConversionError
1.9.3	EncodingError
1.9.3	Enumerable
1.9.3	Enumerator
1.9.3	Errno
1.9.3	Errno::E2BIG
1.9.3	Errno::EACCES
1.9.3	Errno::EADDRINUSE
1.9.3	Errno::EADDRNOTAVAIL
1.9.3	Errno::EADV
1.9.3	Errno::EAFNOSUPPORT
1.9.3	Errno::EAGAIN
1.9.3	Errno::EALREADY
1.9.3	Errno::EBADE
1.9.3	Errno::EBADF
1.9.3	Errno::EBADFD
1.9.3	Errno::EBADMSG
1.9.3	Errno::EBADR
1.9.3	Errno::EBADRQC
1.9.3	Errno::EBADSLT
1.9.3	Errno::EBFONT
1.9.3	Errno::EBUSY
1.9.3	Errno::ECHILD
1.9.3	Errno::ECHRNG
1.9.3	Errno::ECOMM
1.9.3	Errno::ECONNABORTED
1.9.3	Errno::ECONNREFUSED
1.9.3	Errno::ECONNRESET
1.9.3	Errno::EDEADLK
1.9.3	Errno::EDEADLOCK
1.9.3	Errno::EDESTADDRREQ
1.9.3	Errno::EDOM
1.9.3	Errno::EDOTDOT
1.9.3	Errno::EDQUOT
1.9.3	Errno::EEXIST
1.9.3	Errno::EFAULT
1.9.3	Errno::EFBIG
1.9.3	Errno::EHOSTDOWN
1.9.3	Errno::EHOSTUNREACH
1.9.3	Errno::EIDRM
1.9.3	Errno::EILSEQ
1.9.3	Errno::EINPROGRESS
1.9.3	Errno::EINTR
1.9.3	Errno::EINVAL
1.9.3	Errno::EIO
1.9.3	Errno::EISCONN
1.9.3	Errno::EISDIR
1.9.3	Errno::EISNAM
1.9.3	Errno::EL2HLT
1.9.3	Errno::EL2NSYNC
1.9.3	Errno::EL3HLT
1.9.3	Errno::EL3RST
1.9.3	Errno::ELIBACC
1.9.3	Errno::ELIBBAD
1.9.3	Errno::ELIBEXEC
1.9.3	Errno::ELIBMAX
1.9.3	Errno::ELIBSCN
1.9.3	Errno::ELNRNG
1.9.3	Errno::ELOOP
1.9.3	Errno::EMFILE
1.9.3	Errno::EMLINK
1.9.3	Errno::EMSGSIZE
1.9.3	Errno::EMULTIHOP
1.9.3	Errno::ENAMETOOLONG
1.9.3	Errno::ENAVAIL
1.9.3	Errno::ENETDOWN
1.9.3	Errno::ENETRESET
1.9.3	Errno::ENETUNREACH
1.9.3	Errno::ENFILE
1.9.3	Errno::ENOANO
1.9.3	Errno::ENOBUFS
1.9.3	Errno::ENOCSI
1.9.3	Errno::ENODATA
1.9.3	Errno::ENODEV
1.9.3	Errno::ENOENT
1.9.3	Errno::ENOEXEC
1.9.3	Errno::ENOLCK
1.9.3	Errno::ENOLINK
1.9.3	Errno::ENOMEM
1.9.3	Errno::ENOMSG
1.9.3	Errno::ENONET
1.9.3	Errno::ENOPKG
1.9.3	Errno::ENOPROTOOPT
1.9.3	Errno::ENOSPC
1.9.3	Errno::ENOSR
1.9.3	Errno::ENOSTR
1.9.3	Errno::ENOSYS
1.9.3	Errno::ENOTBLK
1.9.3	Errno::ENOTCONN
1.9.3	Errno::ENOTDIR
1.9.3	Errno::ENOTEMPTY
1.9.3	Errno::ENOTNAM
1.9.3	Errno::ENOTSOCK
1.9.3	Errno::ENOTTY
1.9.3	Errno::ENOTUNIQ
1.9.3	Errno::ENXIO
1.9.3	Errno::EOPNOTSUPP
1.9.3	Errno::EOVERFLOW
1.9.3	Errno::EPERM
1.9.3	Errno::EPFNOSUPPORT
1.9.3	Errno::EPIPE
1.9.3	Errno::EPROTO
1.9.3	Errno::EPROTONOSUPPORT
1.9.3	Errno::EPROTOTYPE
1.9.3	Errno::ERANGE
1.9.3	Errno::EREMCHG
1.9.3	Errno::EREMOTE
1.9.3	Errno::EREMOTEIO
1.9.3	Errno::ERESTART
1.9.3	Errno::EROFS
1.9.3	Errno::ERROR
1.9.3	Errno::ESHUTDOWN
1.9.3	Errno::ESOCKTNOSUPPORT
1.9.3	Errno::ESPIPE
1.9.3	Errno::ESRCH
1.9.3	Errno::ESRMNT
1.9.3	Errno::ESTALE
1.9.3	Errno::ESTRPIPE
1.9.3	Errno::ETIME
1.9.3	Errno::ETIMEDOUT
1.9.3	Errno::ETOOMANYREFS
1.9.3	Errno::ETXTBSY
1.9.3	Errno::EUCLEAN
1.9.3	Errno::EUNATCH
1.9.3	Errno::EUSERS
1.9.3	Errno::EWOULDBLOCK
1.9.3	Errno::EXDEV
1.9.3	Errno::EXFULL
1.9.3	Errno::EXXX
1.9.3	Errno::NOERROR
1.9.3	Exception
1.9.3	FalseClass
1.9.3	Fiber
1.9.3	FiberError
1.9.3	File
1.9.3	File::Constants
1.9.3	File::Stat
1.9.3	FileTest
1.9.3	Fixnum
1.9.3	Float
1.9.3	FloatDomainError
1.9.3	GC
1.9.3	GC::Profiler
1.9.3	Hash
1.9.3	IO
1.9.3	IO::WaitReadable
1.9.3	IO::WaitWritable
1.9.3	IOError
1.9.3	IndexError
1.9.3	Integer
1.9.3	Interrupt
1.9.3	Kernel
1.9.3	KeyError
1.9.3	LoadError
1.9.3	LocalJumpError
1.9.3	Marshal
1.9.3	MatchData
1.9.3	Math
1.9.3	Math::DomainError
1.9.3	Method
1.9.3	Module
1.9.3	Mutex
1.9.3	NameError
1.9.3	NilClass
1.9.3	NoMemoryError
1.9.3	NoMethodError
1.9.3	NotImplementedError
1.9.3	Numeric
1.9.3	Object
1.9.3	ObjectSpace
1.9.3	Proc
1.9.3	Process
1.9.3	Process::GID
1.9.3	Process::Status
1.9.3	Process::Sys
1.9.3	Process::UID
1.9.3	Random
1.9.3	Range
1.9.3	RangeError
1.9.3	Rational
1.9.3	Regexp
1.9.3	RegexpError
1.9.3	RubyVM
1.9.3	RubyVM::InstructionSequence
1.9.3	RuntimeError
1.9.3	ScriptError
1.9.3	SecurityError
1.9.3	Signal
1.9.3	SignalException
1.9.3	StandardError
1.9.3	StopIteration
1.9.3	String
1.9.3	Struct
1.9.3	Struct::Tms
1.9.3	Symbol
1.9.3	SyntaxError
1.9.3	SystemCallError
1.9.3	SystemExit
1.9.3	SystemStackError
1.9.3	Thread
1.9.3	ThreadError
1.9.3	ThreadGroup
1.9.3	Time
1.9.3	TrueClass
1.9.3	TypeError
1.9.3	UnboundMethod
1.9.3	ZeroDivisionError
1.9.3	fatal
1.9.3	main
2.0.0	ARGF
2.0.0	ARGF.class
2.0.0	ArgumentError
2.0.0	Array
2.0.0	BasicObject
2.0.0	Bignum
2.0.0	Binding
2.0.0	Class
2.0.0	Comparable
2.0.0	Complex
2.0.0	Data
2.0.0	Dir
2.0.0	ENV
2.0.0	EOFError
2.0.0	Encoding
2.0.0	Encoding::CompatibilityError
2.0.0	Encoding::Converter
2.0.0	Encoding::ConverterNotFoundError
2.0.0	Encoding::InvalidByteSequenceError
2.0.0	Encoding::UndefinedConversionError
2.0.0	EncodingError
2.0.0	Enumerable
2.0.0	Enumerator
2.0.0	Enumerator::Lazy
2.0.0	Errno
2.0.0	Errno::E2BIG
2.0.0	Errno::EACCES
2.0.0	Errno::EADDRINUSE
2.0.0	Errno::EADDRNOTAVAIL
2.0.0	Errno::EADV
2.0.0	Errno::EAFNOSUPPORT
2.0.0	Errno::EAGAIN
2.0.0	Errno::EALREADY
2.0.0	Errno::EBADE
2.0.0	Errno::EBADF
2.0.0	Errno::EBADFD
2.0.0	Errno::EBADMSG
2.0.0	Errno::EBADR
2.0.0	Errno::EBADRQC
2.0.0	Errno::EBADSLT
2.0.0	Errno::EBFONT
2.0.0	Errno::EBUSY
2.0.0	Errno::ECHILD
2.0.0	Errno::ECHRNG
2.0.0	Errno::ECOMM
2.0.0	Errno::ECONNABORTED
2.0.0	Errno::ECONNREFUSED
2.0.0	Errno::ECONNRESET
2.0.0	Errno::EDEADLK
2.0.0	Errno::EDEADLOCK
2.0.0	Errno::EDESTADDRREQ
2.0.0	Errno::EDOM
2.0.0	Errno::EDOTDOT
2.0.0	Errno::EDQUOT
2.0.0	Errno::EEXIST
2.0.0	Errno::EFAULT
2.0.0	Errno::EFBIG
2.0.0	Errno::EHOSTDOWN
2.0.0	Errno::EHOSTUNREACH
2.0.0	Errno::EIDRM
2.0.0	Errno::EILSEQ
2.0.0	Errno::EINPROGRESS
2.0.0	Errno::EINTR
2.0.0	Errno::EINVAL
2.0.0	Errno::EIO
2.0.0	Errno::EISCONN
2.0.0	Errno::EISDIR
2.0.0	Errno::EISNAM
2.0.0	Errno::EL2HLT
2.0.0	Errno::EL2NSYNC
2.0.0	Errno::EL3HLT
2.0.0	Errno::EL3RST
2.0.0	Errno::ELIBACC
2.0.0	Errno::ELIBBAD
2.0.0	Errno::ELIBEXEC
2.0.0	Errno::ELIBMAX
2.0.0	Errno::ELIBSCN
2.0.0	Errno::ELNRNG
2.0.0	Errno::ELOOP
2.0.0	Errno::EMFILE
2.0.0	Errno::EMLINK
2.0.0	Errno::EMSGSIZE
2.0.0	Errno::EMULTIHOP
2.0.0	Errno::ENAMETOOLONG
2.0.0	Errno::ENAVAIL
2.0.0	Errno::ENETDOWN
2.0.0	Errno::ENETRESET
2.0.0	Errno::ENETUNREACH
2.0.0	Errno::ENFILE
2.0.0	Errno::ENOANO
2.0.0	Errno::ENOBUFS
2.0.0	Errno::ENOCSI
2.0.0	Errno::ENODATA
2.0.0	Errno::ENODEV
2.0.0	Errno::ENOENT
2.0.0	Errno::ENOEXEC
2.0.0	Errno::ENOLCK
2.0.0	Errno::ENOLINK
2.0.0	Errno::ENOMEM
2.0.0	Errno::ENOMSG
2.0.0	Errno::ENONET
2.0.0	Errno::ENOPKG
2.0.0	Errno::ENOPROTOOPT
2.0.0	Errno::ENOSPC
2.0.0	Errno::ENOSR
2.0.0	Errno::ENOSTR
2.0.0	Errno::ENOSYS
2.0.0	Errno::ENOTBLK
2.0.0	Errno::ENOTCONN
2.0.0	Errno::ENOTDIR
2.0.0	Errno::ENOTEMPTY
2.0.0	Errno::ENOTNAM
2.0.0	Errno::ENOTSOCK
2.0.0	Errno::ENOTTY
2.0.0	Errno::ENOTUNIQ
2.0.0	Errno::ENXIO
2.0.0	Errno::EOPNOTSUPP
2.0.0	Errno::EOVERFLOW
2.0.0	Errno::EPERM
2.0.0	Errno::EPFNOSUPPORT
2.0.0	Errno::EPIPE
2.0.0	Errno::EPROTO
2.0.0	Errno::EPROTONOSUPPORT
2.0.0	Errno::EPROTOTYPE
2.0.0	Errno::ERANGE
2.0.0	Errno::EREMCHG
2.0.0	Errno::EREMOTE
2.0.0	Errno::EREMOTEIO
2.0.0	Errno::ERESTART
2.0.0	Errno::EROFS
2.0.0	Errno::ERROR
2.0.0	Errno::ESHUTDOWN
2.0.0	Errno::ESOCKTNOSUPPORT
2.0.0	Errno::ESPIPE
2.0.0	Errno::ESRCH
2.0.0	Errno::ESRMNT
2.0.0	Errno::ESTALE
2.0.0	Errno::ESTRPIPE
2.0.0	Errno::ETIME
2.0.0	Errno::ETIMEDOUT
2.0.0	Errno::ETOOMANYREFS
2.0.0	Errno::ETXTBSY
2.0.0	Errno::EUCLEAN
2.0.0	Errno::EUNATCH
2.0.0	Errno::EUSERS
2.0.0	Errno::EWOULDBLOCK
2.0.0	Errno::EXDEV
2.0.0	Errno::EXFULL
2.0.0	Errno::EXXX
2.0.0	Errno::NOERROR
2.0.0	Exception
2.0.0	FalseClass
2.0.0	Fiber
2.0.0	FiberError
2.0.0	File
2.0.0	File::Constants
2.0.0	File::Stat
2.0.0	FileTest
2.0.0	Fixnum
2.0.0	Float
2.0.0	FloatDomainError
2.0.0	GC
2.0.0	GC::Profiler
2.0.0	Hash
2.0.0	IO
2.0.0	IO::WaitReadable
2.0.0	IO::WaitWritable
2.0.0	IOError
2.0.0	IndexError
2.0.0	Integer
2.0.0	Interrupt
2.0.0	Kernel
2.0.0	KeyError
2.0.0	LoadError
2.0.0	LocalJumpError
2.0.0	Marshal
2.0.0	MatchData
2.0.0	Math
2.0.0	Math::DomainError
2.0.0	Method
2.0.0	Module
2.0.0	Mutex
2.0.0	NameError
2.0.0	NilClass
2.0.0	NoMemoryError
2.0.0	NoMethodError
2.0.0	NotImplementedError
2.0.0	Numeric
2.0.0	Object
2.0.0	ObjectSpace
2.0.0	ObjectSpace::WeakMap
2.0.0	Proc
2.0.0	Process
2.0.0	Process::GID
2.0.0	Process::Status
2.0.0	Process::Sys
2.0.0	Process::UID
2.0.0	Random
2.0.0	Range
2.0.0	RangeError
2.0.0	Rational
2.0.0	Regexp
2.0.0	RegexpError
2.0.0	RubyVM
2.0.0	RubyVM::InstructionSequence
2.0.0	RuntimeError
2.0.0	ScriptError
2.0.0	SecurityError
2.0.0	Signal
2.0.0	SignalException
2.0.0	StandardError
2.0.0	StopIteration
2.0.0	String
2.0.0	Struct
2.0.0	Struct::Tms
2.0.0	Symbol
2.0.0	SyntaxError
2.0.0	SystemCallError
2.0.0	SystemExit
2.0.0	SystemStackError
2.0.0	Thread
2.0.0	Thread::Backtrace::Location
2.0.0	ThreadError
2.0.0	ThreadGroup
2.0.0	Time
2.0.0	TracePoint
2.0.0	TrueClass
2.0.0	TypeError
2.0.0	UnboundMethod
2.0.0	ZeroDivisionError
2.0.0	fatal
2.0.0	main
2.1.0	ARGF
2.1.0	ARGF.class
2.1.0	ArgumentError
2.1.0	Array
2.1.0	BasicObject
2.1.0	Bignum
2.1.0	Binding
2.1.0	Class
2.1.0	Comparable
2.1.0	Complex
2.1.0	Data
2.1.0	Dir
2.1.0	ENV
2.1.0	EOFError
2.1.0	Encoding
2.1.0	Encoding::CompatibilityError
2.1.0	Encoding::Converter
2.1.0	Encoding::ConverterNotFoundError
2.1.0	Encoding::InvalidByteSequenceError
2.1.0	Encoding::UndefinedConversionError
2.1.0	EncodingError
2.1.0	Enumerable
2.1.0	Enumerator
2.1.0	Enumerator::Lazy
2.1.0	Errno
2.1.0	Errno::E2BIG
2.1.0	Errno::EACCES
2.1.0	Errno::EADDRINUSE
2.1.0	Errno::EADDRNOTAVAIL
2.1.0	Errno::EADV
2.1.0	Errno::EAFNOSUPPORT
2.1.0	Errno::EAGAIN
2.1.0	Errno::EALREADY
2.1.0	Errno::EAUTH
2.1.0	Errno::EBADE
2.1.0	Errno::EBADF
2.1.0	Errno::EBADFD
2.1.0	Errno::EBADMSG
2.1.0	Errno::EBADR
2.1.0	Errno::EBADRPC
2.1.0	Errno::EBADRQC
2.1.0	Errno::EBADSLT
2.1.0	Errno::EBFONT
2.1.0	Errno::EBUSY
2.1.0	Errno::ECANCELED
2.1.0	Errno::ECHILD
2.1.0	Errno::ECHRNG
2.1.0	Errno::ECOMM
2.1.0	Errno::ECONNABORTED
2.1.0	Errno::ECONNREFUSED
2.1.0	Errno::ECONNRESET
2.1.0	Errno::EDEADLK
2.1.0	Errno::EDEADLOCK
2.1.0	Errno::EDESTADDRREQ
2.1.0	Errno::EDOM
2.1.0	Errno::EDOOFUS
2.1.0	Errno::EDOTDOT
2.1.0	Errno::EDQUOT
2.1.0	Errno::EEXIST
2.1.0	Errno::EFAULT
2.1.0	Errno::EFBIG
2.1.0	Errno::EFTYPE
2.1.0	Errno::EHOSTDOWN
2.1.0	Errno::EHOSTUNREACH
2.1.0	Errno::EIDRM
2.1.0	Errno::EILSEQ
2.1.0	Errno::EINPROGRESS
2.1.0	Errno::EINTR
2.1.0	Errno::EINVAL
2.1.0	Errno::EIO
2.1.0	Errno::EIPSEC
2.1.0	Errno::EISCONN
2.1.0	Errno::EISDIR
2.1.0	Errno::EISNAM
2.1.0	Errno::EKEYEXPIRED
2.1.0	Errno::EKEYREJECTED
2.1.0	Errno::EKEYREVOKED
2.1.0	Errno::EL2HLT
2.1.0	Errno::EL2NSYNC
2.1.0	Errno::EL3HLT
2.1.0	Errno::EL3RST
2.1.0	Errno::ELIBACC
2.1.0	Errno::ELIBBAD
2.1.0	Errno::ELIBEXEC
2.1.0	Errno::ELIBMAX
2.1.0	Errno::ELIBSCN
2.1.0	Errno::ELNRNG
2.1.0	Errno::ELOOP
2.1.0	Errno::EMEDIUMTYPE
2.1.0	Errno::EMFILE
2.1.0	Errno::EMLINK
2.1.0	Errno::EMSGSIZE
2.1.0	Errno::EMULTIHOP
2.1.0	Errno::ENAMETOOLONG
2.1.0	Errno::ENAVAIL
2.1.0	Errno::ENEEDAUTH
2.1.0	Errno::ENETDOWN
2.1.0	Errno::ENETRESET
2.1.0	Errno::ENETUNREACH
2.1.0	Errno::ENFILE
2.1.0	Errno::ENOANO
2.1.0	Errno::ENOATTR
2.1.0	Errno::ENOBUFS
2.1.0	Errno::ENOCSI
2.1.0	Errno::ENODATA
2.1.0	Errno::ENODEV
2.1.0	Errno::ENOENT
2.1.0	Errno::ENOEXEC
2.1.0	Errno::ENOKEY
2.1.0	Errno::ENOLCK
2.1.0	Errno::ENOLINK
2.1.0	Errno::ENOMEDIUM
2.1.0	Errno::ENOMEM
2.1.0	Errno::ENOMSG
2.1.0	Errno::ENONET
2.1.0	Errno::ENOPKG
2.1.0	Errno::ENOPROTOOPT
2.1.0	Errno::ENOSPC
2.1.0	Errno::ENOSR
2.1.0	Errno::ENOSTR
2.1.0	Errno::ENOSYS
2.1.0	Errno::ENOTBLK
2.1.0	Errno::ENOTCONN
2.1.0	Errno::ENOTDIR
2.1.0	Errno::ENOTEMPTY
2.1.0	Errno::ENOTNAM
2.1.0	Errno::ENOTRECOVERABLE
2.1.0	Errno::ENOTSOCK
2.1.0	Errno::ENOTSUP
2.1.0	Errno::ENOTTY
2.1.0	Errno::ENOTUNIQ
2.1.0	Errno::ENXIO
2.1.0	Errno::EOPNOTSUPP
2.1.0	Errno::EOVERFLOW
2.1.0	Errno::EOWNERDEAD
2.1.0	Errno::EPERM
2.1.0	Errno::EPFNOSUPPORT
2.1.0	Errno::EPIPE
2.1.0	Errno::EPROCLIM
2.1.0	Errno::EPROCUNAVAIL
2.1.0	Errno::EPROGMISMATCH
2.1.0	Errno::EPROGUNAVAIL
2.1.0	Errno::EPROTO
2.1.0	Errno::EPROTONOSUPPORT
2.1.0	Errno::EPROTOTYPE
2.1.0	Errno::ERANGE
2.1.0	Errno::EREMCHG
2.1.0	Errno::EREMOTE
2.1.0	Errno::EREMOTEIO
2.1.0	Errno::ERESTART
2.1.0	Errno::ERFKILL
2.1.0	Errno::EROFS
2.1.0	Errno::ERPCMISMATCH
2.1.0	Errno::ESHUTDOWN
2.1.0	Errno::ESOCKTNOSUPPORT
2.1.0	Errno::ESPIPE
2.1.0	Errno::ESRCH
2.1.0	Errno::ESRMNT
2.1.0	Errno::ESTALE
2.1.0	Errno::ESTRPIPE
2.1.0	Errno::ETIME
2.1.0	Errno::ETIMEDOUT
2.1.0	Errno::ETOOMANYREFS
2.1.0	Errno::ETXTBSY
2.1.0	Errno::EUCLEAN
2.1.0	Errno::EUNATCH
2.1.0	Errno::EUSERS
2.1.0	Errno::EWOULDBLOCK
2.1.0	Errno::EXDEV
2.1.0	Errno::EXFULL
2.1.0	Errno::EXXX
2.1.0	Errno::NOERROR
2.1.0	Exception
2.1.0	FalseClass
2.1.0	Fiber
2.1.0	FiberError
2.1.0	File
2.1.0	File::Constants
2.1.0	File::Stat
2.1.0	FileTest
2.1.0	Fixnum
2.1.0	Float
2.1.0	FloatDomainError
2.1.0	GC
2.1.0	GC::Profiler
2.1.0	Hash
2.1.0	IO
2.1.0	IO::WaitReadable
2.1.0	IO::WaitWritable
2.1.0	IOError
2.1.0	IndexError
2.1.0	Integer
2.1.0	Interrupt
2.1.0	Kernel
2.1.0	KeyError
2.1.0	LoadError
2.1.0	LocalJumpError
2.1.0	Marshal
2.1.0	MatchData
2.1.0	Math
2.1.0	Math::DomainError
2.1.0	Method
2.1.0	Module
2.1.0	Mutex
2.1.0	NameError
2.1.0	NilClass
2.1.0	NoMemoryError
2.1.0	NoMethodError
2.1.0	NotImplementedError
2.1.0	Numeric
2.1.0	Object
2.1.0	ObjectSpace
2.1.0	ObjectSpace::WeakMap
2.1.0	Proc
2.1.0	Process
2.1.0	Process::GID
2.1.0	Process::Status
2.1.0	Process::Sys
2.1.0	Process::UID
2.1.0	Random
2.1.0	Range
2.1.0	RangeError
2.1.0	Rational
2.1.0	Regexp
2.1.0	RegexpError
2.1.0	RubyVM
2.1.0	RubyVM::InstructionSequence
2.1.0	RuntimeError
2.1.0	ScriptError
2.1.0	SecurityError
2.1.0	Signal
2.1.0	SignalException
2.1.0	StandardError
2.1.0	StopIteration
2.1.0	String
2.1.0	Struct
2.1.0	Struct::Tms
2.1.0	Symbol
2.1.0	SyntaxError
2.1.0	SystemCallError
2.1.0	SystemExit
2.1.0	SystemStackError
2.1.0	Thread
2.1.0	Thread::Backtrace::Location
2.1.0	ThreadError
2.1.0	ThreadGroup
2.1.0	Time
2.1.0	TracePoint
2.1.0	TrueClass
2.1.0	TypeError
2.1.0	UnboundMethod
2.1.0	ZeroDivisionError
2.1.0	fatal
2.1.0	main
2.2.0	ARGF
2.2.0	ARGF.class
2.2.0	ArgumentError
2.2.0	Array
2.2.0	BasicObject
2.2.0	Bignum
2.2.0	Binding
2.2.0	Class
2.2.0	Comparable
2.2.0	Complex
2.2.0	Data
2.2.0	Dir
2.2.0	ENV
2.2.0	EOFError
2.2.0	Encoding
2.2.0	Encoding::CompatibilityError
2.2.0	Encoding::Converter
2.2.0	Encoding::ConverterNotFoundError
2.2.0	Encoding::InvalidByteSequenceError
2.2.0	Encoding::UndefinedConversionError
2.2.0	EncodingError
2.2.0	Enumerable
2.2.0	Enumerator
2.2.0	Enumerator::Lazy
2.2.0	Errno
2.2.0	Errno::E2BIG
2.2.0	Errno::EACCES
2.2.0	Errno::EADDRINUSE
2.2.0	Errno::EADDRNOTAVAIL
2.2.0	Errno::EADV
2.2.0	Errno::EAFNOSUPPORT
2.2.0	Errno::EAGAIN
2.2.0	Errno::EALREADY
2.2.0	Errno::EAUTH
2.2.0	Errno::EBADE
2.2.0	Errno::EBADF
2.2.0	Errno::EBADFD
2.2.0	Errno::EBADMSG
2.2.0	Errno::EBADR
2.2.0	Errno::EBADRPC
2.2.0	Errno::EBADRQC
2.2.0	Errno::EBADSLT
2.2.0	Errno::EBFONT
2.2.0	Errno::EBUSY
2.2.0	Errno::ECANCELED
2.2.0	Errno::ECAPMODE
2.2.0	Errno::ECHILD
2.2.0	Errno::ECHRNG
2.2.0	Errno::ECOMM
2.2.0	Errno::ECONNABORTED
2.2.0	Errno::ECONNREFUSED
2.2.0	Errno::ECONNRESET
2.2.0	Errno::EDEADLK
2.2.0	Errno::EDEADLOCK
2.2.0	Errno::EDESTADDRREQ
2.2.0	Errno::EDOM
2.2.0	Errno::EDOOFUS
2.2.0	Errno::EDOTDOT
2.2.0	Errno::EDQUOT
2.2.0	Errno::EEXIST
2.2.0	Errno::EFAULT
2.2.0	Errno::EFBIG
2.2.0	Errno::EFTYPE
2.2.0	Errno::EHOSTDOWN
2.2.0	Errno::EHOSTUNREACH
2.2.0	Errno::EHWPOISON
2.2.0	Errno::EIDRM
2.2.0	Errno::EILSEQ
2.2.0	Errno::EINPROGRESS
2.2.0	Errno::EINTR
2.2.0	Errno::EINVAL
2.2.0	Errno::EIO
2.2.0	Errno::EIPSEC
2.2.0	Errno::EISCONN
2.2.0	Errno::EISDIR
2.2.0	Errno::EISNAM
2.2.0	Errno::EKEYEXPIRED
2.2.0	Errno::EKEYREJECTED
2.2.0	Errno::EKEYREVOKED
2.2.0	Errno::EL2HLT
2.2.0	Errno::EL2NSYNC
2.2.0	Errno::EL3HLT
2.2.0	Errno::EL3RST
2.2.0	Errno::ELIBACC
2.2.0	Errno::ELIBBAD
2.2.0	Errno::ELIBEXEC
2.2.0	Errno::ELIBMAX
2.2.0	Errno::ELIBSCN
2.2.0	Errno::ELNRNG
2.2.0	Errno::ELOOP
2.2.0	Errno::EMEDIUMTYPE
2.2.0	Errno::EMFILE
2.2.0	Errno::EMLINK
2.2.0	Errno::EMSGSIZE
2.2.0	Errno::EMULTIHOP
2.2.0	Errno::ENAMETOOLONG
2.2.0	Errno::ENAVAIL
2.2.0	Errno::ENEEDAUTH
2.2.0	Errno::ENETDOWN
2.2.0	Errno::ENETRESET
2.2.0	Errno::ENETUNREACH
2.2.0	Errno::ENFILE
2.2.0	Errno::ENOANO
2.2.0	Errno::ENOATTR
2.2.0	Errno::ENOBUFS
2.2.0	Errno::ENOCSI
2.2.0	Errno::ENODATA
2.2.0	Errno::ENODEV
2.2.0	Errno::ENOENT
2.2.0	Errno::ENOEXEC
2.2.0	Errno::ENOKEY
2.2.0	Errno::ENOLCK
2.2.0	Errno::ENOLINK
2.2.0	Errno::ENOMEDIUM
2.2.0	Errno::ENOMEM
2.2.0	Errno::ENOMSG
2.2.0	Errno::ENONET
2.2.0	Errno::ENOPKG
2.2.0	Errno::ENOPROTOOPT
2.2.0	Errno::ENOSPC
2.2.0	Errno::ENOSR
2.2.0	Errno::ENOSTR
2.2.0	Errno::ENOSYS
2.2.0	Errno::ENOTBLK
2.2.0	Errno::ENOTCAPABLE
2.2.0	Errno::ENOTCONN
2.2.0	Errno::ENOTDIR
2.2.0	Errno::ENOTEMPTY
2.2.0	Errno::ENOTNAM
2.2.0	Errno::ENOTRECOVERABLE
2.2.0	Errno::ENOTSOCK
2.2.0	Errno::ENOTSUP
2.2.0	Errno::ENOTTY
2.2.0	Errno::ENOTUNIQ
2.2.0	Errno::ENXIO
2.2.0	Errno::EOPNOTSUPP
2.2.0	Errno::EOVERFLOW
2.2.0	Errno::EOWNERDEAD
2.2.0	Errno::EPERM
2.2.0	Errno::EPFNOSUPPORT
2.2.0	Errno::EPIPE
2.2.0	Errno::EPROCLIM
2.2.0	Errno::EPROCUNAVAIL
2.2.0	Errno::EPROGMISMATCH
2.2.0	Errno::EPROGUNAVAIL
2.2.0	Errno::EPROTO
2.2.0	Errno::EPROTONOSUPPORT
2.2.0	Errno::EPROTOTYPE
2.2.0	Errno::ERANGE
2.2.0	Errno::EREMCHG
2.2.0	Errno::EREMOTE
2.2.0	Errno::EREMOTEIO
2.2.0	Errno::ERESTART
2.2.0	Errno::ERFKILL
2.2.0	Errno::EROFS
2.2.0	Errno::ERPCMISMATCH
2.2.0	Errno::ESHUTDOWN
2.2.0	Errno::ESOCKTNOSUPPORT
2.2.0	Errno::ESPIPE
2.2.0	Errno::ESRCH
2.2.0	Errno::ESRMNT
2.2.0	Errno::ESTALE
2.2.0	Errno::ESTRPIPE
2.2.0	Errno::ETIME
2.2.0	Errno::ETIMEDOUT
2.2.0	Errno::ETOOMANYREFS
2.2.0	Errno::ETXTBSY
2.2.0	Errno::EUCLEAN
2.2.0	Errno::EUNATCH
2.2.0	Errno::EUSERS
2.2.0	Errno::EWOULDBLOCK
2.2.0	Errno::EXDEV
2.2.0	Errno::EXFULL
2.2.0	Errno::EXXX
2.2.0	Errno::NOERROR
2.2.0	Exception
2.2.0	FalseClass
2.2.0	Fiber
2.2.0	FiberError
2.2.0	File
2.2.0	File::Constants
2.2.0	File::Stat
2.2.0	FileTest
2.2.0	Fixnum
2.2.0	Float
2.2.0	FloatDomainError
2.2.0	GC
2.2.0	GC::Profiler
2.2.0	Hash
2.2.0	IO
2.2.0	IO::WaitReadable
2.2.0	IO::WaitWritable
2.2.0	IOError
2.2.0	IndexError
2.2.0	Integer
2.2.0	Interrupt
2.2.0	Kernel
2.2.0	KeyError
2.2.0	LoadError
2.2.0	LocalJumpError
2.2.0	Marshal
2.2.0	MatchData
2.2.0	Math
2.2.0	Math::DomainError
2.2.0	Method
2.2.0	Module
2.2.0	Mutex
2.2.0	NameError
2.2.0	NilClass
2.2.0	NoMemoryError
2.2.0	NoMethodError
2.2.0	NotImplementedError
2.2.0	Numeric
2.2.0	Object
2.2.0	ObjectSpace
2.2.0	ObjectSpace::WeakMap
2.2.0	Proc
2.2.0	Process
2.2.0	Process::GID
2.2.0	Process::Status
2.2.0	Process::Sys
2.2.0	Process::UID
2.2.0	Random
2.2.0	Range
2.2.0	RangeError
2.2.0	Rational
2.2.0	Regexp
2.2.0	RegexpError
2.2.0	RubyVM
2.2.0	RubyVM::InstructionSequence
2.2.0	RuntimeError
2.2.0	ScriptError
2.2.0	SecurityError
2.2.0	Signal
2.2.0	SignalException
2.2.0	StandardError
2.2.0	StopIteration
2.2.0	String
2.2.0	Struct
2.2.0	Struct::Tms
2.2.0	Symbol
2.2.0	SyntaxError
2.2.0	SystemCallError
2.2.0	SystemExit
2.2.0	SystemStackError
2.2.0	Thread
2.2.0	Thread::Backtrace::Location
2.2.0	ThreadError
2.2.0	ThreadGroup
2.2.0	Time
2.2.0	TracePoint
2.2.0	TrueClass
2.2.0	TypeError
2.2.0	UnboundMethod
2.2.0	UncaughtThrowError
2.2.0	ZeroDivisionError
2.2.0	fatal
2.2.0	main
2.3.0	ARGF
2.3.0	ARGF.class
2.3.0	ArgumentError
2.3.0	Array
2.3.0	BasicObject
2.3.0	Bignum
2.3.0	Binding
2.3.0	Class
2.3.0	ClosedQueueError
2.3.0	Comparable
2.3.0	Complex
2.3.0	ConditionVariable
2.3.0	Data
2.3.0	Dir
2.3.0	ENV
2.3.0	EOFError
2.3.0	Encoding
2.3.0	Encoding::CompatibilityError
2.3.0	Encoding::Converter
2.3.0	Encoding::ConverterNotFoundError
2.3.0	Encoding::InvalidByteSequenceError
2.3.0	Encoding::UndefinedConversionError
2.3.0	EncodingError
2.3.0	Enumerable
2.3.0	Enumerator
2.3.0	Enumerator::Lazy
2.3.0	Errno
2.3.0	Errno::E2BIG
2.3.0	Errno::EACCES
2.3.0	Errno::EADDRINUSE
2.3.0	Errno::EADDRNOTAVAIL
2.3.0	Errno::EADV
2.3.0	Errno::EAFNOSUPPORT
2.3.0	Errno::EAGAIN
2.3.0	Errno::EALREADY
2.3.0	Errno::EAUTH
2.3.0	Errno::EBADE
2.3.0	Errno::EBADF
2.3.0	Errno::EBADFD
2.3.0	Errno::EBADMSG
2.3.0	Errno::EBADR
2.3.0	Errno::EBADRPC
2.3.0	Errno::EBADRQC
2.3.0	Errno::EBADSLT
2.3.0	Errno::EBFONT
2.3.0	Errno::EBUSY
2.3.0	Errno::ECANCELED
2.3.0	Errno::ECAPMODE
2.3.0	Errno::ECHILD
2.3.0	Errno::ECHRNG
2.3.0	Errno::ECOMM
2.3.0	Errno::ECONNABORTED
2.3.0	Errno::ECONNREFUSED
2.3.0	Errno::ECONNRESET
2.3.0	Errno::EDEADLK
2.3.0	Errno::EDEADLOCK
2.3.0	Errno::EDESTADDRREQ
2.3.0	Errno::EDOM
2.3.0	Errno::EDOOFUS
2.3.0	Errno::EDOTDOT
2.3.0	Errno::EDQUOT
2.3.0	Errno::EEXIST
2.3.0	Errno::EFAULT
2.3.0	Errno::EFBIG
2.3.0	Errno::EFTYPE
2.3.0	Errno::EHOSTDOWN
2.3.0	Errno::EHOSTUNREACH
2.3.0	Errno::EHWPOISON
2.3.0	Errno::EIDRM
2.3.0	Errno::EILSEQ
2.3.0	Errno::EINPROGRESS
2.3.0	Errno::EINTR
2.3.0	Errno::EINVAL
2.3.0	Errno::EIO
2.3.0	Errno::EIPSEC
2.3.0	Errno::EISCONN
2.3.0	Errno::EISDIR
2.3.0	Errno::EISNAM
2.3.0	Errno::EKEYEXPIRED
2.3.0	Errno::EKEYREJECTED
2.3.0	Errno::EKEYREVOKED
2.3.0	Errno::EL2HLT
2.3.0	Errno::EL2NSYNC
2.3.0	Errno::EL3HLT
2.3.0	Errno::EL3RST
2.3.0	Errno::ELIBACC
2.3.0	Errno::ELIBBAD
2.3.0	Errno::ELIBEXEC
2.3.0	Errno::ELIBMAX
2.3.0	Errno::ELIBSCN
2.3.0	Errno::ELNRNG
2.3.0	Errno::ELOOP
2.3.0	Errno::EMEDIUMTYPE
2.3.0	Errno::EMFILE
2.3.0	Errno::EMLINK
2.3.0	Errno::EMSGSIZE
2.3.0	Errno::EMULTIHOP
2.3.0	Errno::ENAMETOOLONG
2.3.0	Errno::ENAVAIL
2.3.0	Errno::ENEEDAUTH
2.3.0	Errno::ENETDOWN
2.3.0	Errno::ENETRESET
2.3.0	Errno::ENETUNREACH
2.3.0	Errno::ENFILE
2.3.0	Errno::ENOANO
2.3.0	Errno::ENOATTR
2.3.0	Errno::ENOBUFS
2.3.0	Errno::ENOCSI
2.3.0	Errno::ENODATA
2.3.0	Errno::ENODEV
2.3.0	Errno::ENOENT
2.3.0	Errno::ENOEXEC
2.3.0	Errno::ENOKEY
2.3.0	Errno::ENOLCK
2.3.0	Errno::ENOLINK
2.3.0	Errno::ENOMEDIUM
2.3.0	Errno::ENOMEM
2.3.0	Errno::ENOMSG
2.3.0	Errno::ENONET
2.3.0	Errno::ENOPKG
2.3.0	Errno::ENOPROTOOPT
2.3.0	Errno::ENOSPC
2.3.0	Errno::ENOSR
2.3.0	Errno::ENOSTR
2.3.0	Errno::ENOSYS
2.3.0	Errno::ENOTBLK
2.3.0	Errno::ENOTCAPABLE
2.3.0	Errno::ENOTCONN
2.3.0	Errno::ENOTDIR
2.3.0	Errno::ENOTEMPTY
2.3.0	Errno::ENOTNAM
2.3.0	Errno::ENOTRECOVERABLE
2.3.0	Errno::ENOTSOCK
2.3.0	Errno::ENOTSUP
2.3.0	Errno::ENOTTY
2.3.0	Errno::ENOTUNIQ
2.3.0	Errno::ENXIO
2.3.0	Errno::EOPNOTSUPP
2.3.0	Errno::EOVERFLOW
2.3.0	Errno::EOWNERDEAD
2.3.0	Errno::EPERM
2.3.0	Errno::EPFNOSUPPORT
2.3.0	Errno::EPIPE
2.3.0	Errno::EPROCLIM
2.3.0	Errno::EPROCUNAVAIL
2.3.0	Errno::EPROGMISMATCH
2.3.0	Errno::EPROGUNAVAIL
2.3.0	Errno::EPROTO
2.3.0	Errno::EPROTONOSUPPORT
2.3.0	Errno::EPROTOTYPE
2.3.0	Errno::ERANGE
2.3.0	Errno::EREMCHG
2.3.0	Errno::EREMOTE
2.3.0	Errno::EREMOTEIO
2.3.0	Errno::ERESTART
2.3.0	Errno::ERFKILL
2.3.0	Errno::EROFS
2.3.0	Errno::ERPCMISMATCH
2.3.0	Errno::ESHUTDOWN
2.3.0	Errno::ESOCKTNOSUPPORT
2.3.0	Errno::ESPIPE
2.3.0	Errno::ESRCH
2.3.0	Errno::ESRMNT
2.3.0	Errno::ESTALE
2.3.0	Errno::ESTRPIPE
2.3.0	Errno::ETIME
2.3.0	Errno::ETIMEDOUT
2.3.0	Errno::ETOOMANYREFS
2.3.0	Errno::ETXTBSY
2.3.0	Errno::EUCLEAN
2.3.0	Errno::EUNATCH
2.3.0	Errno::EUSERS
2.3.0	Errno::EWOULDBLOCK
2.3.0	Errno::EXDEV
2.3.0	Errno::EXFULL
2.3.0	Errno::EXXX
2.3.0	Errno::NOERROR
2.3.0	Exception
2.3.0	FalseClass
2.3.0	Fiber
2.3.0	FiberError
2.3.0	File
2.3.0	File::Constants
2.3.0	File::Stat
2.3.0	FileTest
2.3.0	Fixnum
2.3.0	Float
2.3.0	FloatDomainError
2.3.0	GC
2.3.0	GC::Profiler
2.3.0	Hash
2.3.0	IO
2.3.0	IO::WaitReadable
2.3.0	IO::WaitWritable
2.3.0	IOError
2.3.0	IndexError
2.3.0	Integer
2.3.0	Interrupt
2.3.0	Kernel
2.3.0	KeyError
2.3.0	LoadError
2.3.0	LocalJumpError
2.3.0	Marshal
2.3.0	MatchData
2.3.0	Math
2.3.0	Math::DomainError
2.3.0	Method
2.3.0	Module
2.3.0	Mutex
2.3.0	NameError
2.3.0	NilClass
2.3.0	NoMemoryError
2.3.0	NoMethodError
2.3.0	NotImplementedError
2.3.0	Numeric
2.3.0	Object
2.3.0	ObjectSpace
2.3.0	ObjectSpace::WeakMap
2.3.0	Proc
2.3.0	Process
2.3.0	Process::GID
2.3.0	Process::Status
2.3.0	Process::Sys
2.3.0	Process::UID
2.3.0	Queue
2.3.0	Random
2.3.0	Range
2.3.0	RangeError
2.3.0	Rational
2.3.0	Regexp
2.3.0	RegexpError
2.3.0	RubyVM
2.3.0	RubyVM::InstructionSequence
2.3.0	RuntimeError
2.3.0	ScriptError
2.3.0	SecurityError
2.3.0	Signal
2.3.0	SignalException
2.3.0	SizedQueue
2.3.0	StandardError
2.3.0	StopIteration
2.3.0	String
2.3.0	Struct
2.3.0	Struct::Tms
2.3.0	Symbol
2.3.0	SyntaxError
2.3.0	SystemCallError
2.3.0	SystemExit
2.3.0	SystemStackError
2.3.0	Thread
2.3.0	Thread::Backtrace::Location
2.3.0	Thread::ConditionVariable
2.3.0	Thread::Mutex
2.3.0	Thread::Queue
2.3.0	Thread::SizedQueue
2.3.0	ThreadError
2.3.0	ThreadGroup
2.3.0	Time
2.3.0	TracePoint
2.3.0	TrueClass
2.3.0	TypeError
2.3.0	UnboundMethod
2.3.0	UncaughtThrowError
2.3.0	ZeroDivisionError
2.3.0	fatal
2.3.0	main
2.4.0	ARGF
2.4.0	ARGF.class
2.4.0	ArgumentError
2.4.0	Array
2.4.0	BasicObject
2.4.0	Bignum
2.4.0	Binding
2.4.0	Class
2.4.0	ClosedQueueError
2.4.0	Comparable
2.4.0	Complex
2.4.0	ConditionVariable
2.4.0	Data
2.4.0	Dir
2.4.0	ENV
2.4.0	EOFError
2.4.0	Encoding
2.4.0	Encoding::CompatibilityError
2.4.0	Encoding::Converter
2.4.0	Encoding::ConverterNotFoundError
2.4.0	Encoding::InvalidByteSequenceError
2.4.0	Encoding::UndefinedConversionError
2.4.0	EncodingError
2.4.0	Enumerable
2.4.0	Enumerator
2.4.0	Enumerator::Lazy
2.4.0	Errno
2.4.0	Errno::E2BIG
2.4.0	Errno::EACCES
2.4.0	Errno::EADDRINUSE
2.4.0	Errno::EADDRNOTAVAIL
2.4.0	Errno::EADV
2.4.0	Errno::EAFNOSUPPORT
2.4.0	Errno::EAGAIN
2.4.0	Errno::EALREADY
2.4.0	Errno::EAUTH
2.4.0	Errno::EBADE
2.4.0	Errno::EBADF
2.4.0	Errno::EBADFD
2.4.0	Errno::EBADMSG
2.4.0	Errno::EBADR
2.4.0	Errno::EBADRPC
2.4.0	Errno::EBADRQC
2.4.0	Errno::EBADSLT
2.4.0	Errno::EBFONT
2.4.0	Errno::EBUSY
2.4.0	Errno::ECANCELED
2.4.0	Errno::ECAPMODE
2.4.0	Errno::ECHILD
2.4.0	Errno::ECHRNG
2.4.0	Errno::ECOMM
2.4.0	Errno::ECONNABORTED
2.4.0	Errno::ECONNREFUSED
2.4.0	Errno::ECONNRESET
2.4.0	Errno::EDEADLK
2.4.0	Errno::EDEADLOCK
2.4.0	Errno::EDESTADDRREQ
2.4.0	Errno::EDOM
2.4.0	Errno::EDOOFUS
2.4.0	Errno::EDOTDOT
2.4.0	Errno::EDQUOT
2.4.0	Errno::EEXIST
2.4.0	Errno::EFAULT
2.4.0	Errno::EFBIG
2.4.0	Errno::EFTYPE
2.4.0	Errno::EHOSTDOWN
2.4.0	Errno::EHOSTUNREACH
2.4.0	Errno::EHWPOISON
2.4.0	Errno::EIDRM
2.4.0	Errno::EILSEQ
2.4.0	Errno::EINPROGRESS
2.4.0	Errno::EINTR
2.4.0	Errno::EINVAL
2.4.0	Errno::EIO
2.4.0	Errno::EIPSEC
2.4.0	Errno::EISCONN
2.4.0	Errno::EISDIR
2.4.0	Errno::EISNAM
2.4.0	Errno::EKEYEXPIRED
2.4.0	Errno::EKEYREJECTED
2.4.0	Errno::EKEYREVOKED
2.4.0	Errno::EL2HLT
2.4.0	Errno::EL2NSYNC
2.4.0	Errno::EL3HLT
2.4.0	Errno::EL3RST
2.4.0	Errno::ELIBACC
2.4.0	Errno::ELIBBAD
2.4.0	Errno::ELIBEXEC
2.4.0	Errno::ELIBMAX
2.4.0	Errno::ELIBSCN
2.4.0	Errno::ELNRNG
2.4.0	Errno::ELOOP
2.4.0	Errno::EMEDIUMTYPE
2.4.0	Errno::EMFILE
2.4.0	Errno::EMLINK
2.4.0	Errno::EMSGSIZE
2.4.0	Errno::EMULTIHOP
2.4.0	Errno::ENAMETOOLONG
2.4.0	Errno::ENAVAIL
2.4.0	Errno::ENEEDAUTH
2.4.0	Errno::ENETDOWN
2.4.0	Errno::ENETRESET
2.4.0	Errno::ENETUNREACH
2.4.0	Errno::ENFILE
2.4.0	Errno::ENOANO
2.4.0	Errno::ENOATTR
2.4.0	Errno::ENOBUFS
2.4.0	Errno::ENOCSI
2.4.0	Errno::ENODATA
2.4.0	Errno::ENODEV
2.4.0	Errno::ENOENT
2.4.0	Errno::ENOEXEC
2.4.0	Errno::ENOKEY
2.4.0	Errno::ENOLCK
2.4.0	Errno::ENOLINK
2.4.0	Errno::ENOMEDIUM
2.4.0	Errno::ENOMEM
2.4.0	Errno::ENOMSG
2.4.0	Errno::ENONET
2.4.0	Errno::ENOPKG
2.4.0	Errno::ENOPROTOOPT
2.4.0	Errno::ENOSPC
2.4.0	Errno::ENOSR
2.4.0	Errno::ENOSTR
2.4.0	Errno::ENOSYS
2.4.0	Errno::ENOTBLK
2.4.0	Errno::ENOTCAPABLE
2.4.0	Errno::ENOTCONN
2.4.0	Errno::ENOTDIR
2.4.0	Errno::ENOTEMPTY
2.4.0	Errno::ENOTNAM
2.4.0	Errno::ENOTRECOVERABLE
2.4.0	Errno::ENOTSOCK
2.4.0	Errno::ENOTSUP
2.4.0	Errno::ENOTTY
2.4.0	Errno::ENOTUNIQ
2.4.0	Errno::ENXIO
2.4.0	Errno::EOPNOTSUPP
2.4.0	Errno::EOVERFLOW
2.4.0	Errno::EOWNERDEAD
2.4.0	Errno::EPERM
2.4.0	Errno::EPFNOSUPPORT
2.4.0	Errno::EPIPE
2.4.0	Errno::EPROCLIM
2.4.0	Errno::EPROCUNAVAIL
2.4.0	Errno::EPROGMISMATCH
2.4.0	Errno::EPROGUNAVAIL
2.4.0	Errno::EPROTO
2.4.0	Errno::EPROTONOSUPPORT
2.4.0	Errno::EPROTOTYPE
2.4.0	Errno::ERANGE
2.4.0	Errno::EREMCHG
2.4.0	Errno::EREMOTE
2.4.0	Errno::EREMOTEIO
2.4.0	Errno::ERESTART
2.4.0	Errno::ERFKILL
2.4.0	Errno::EROFS
2.4.0	Errno::ERPCMISMATCH
2.4.0	Errno::ESHUTDOWN
2.4.0	Errno::ESOCKTNOSUPPORT
2.4.0	Errno::ESPIPE
2.4.0	Errno::ESRCH
2.4.0	Errno::ESRMNT
2.4.0	Errno::ESTALE
2.4.0	Errno::ESTRPIPE
2.4.0	Errno::ETIME
2.4.0	Errno::ETIMEDOUT
2.4.0	Errno::ETOOMANYREFS
2.4.0	Errno::ETXTBSY
2.4.0	Errno::EUCLEAN
2.4.0	Errno::EUNATCH
2.4.0	Errno::EUSERS
2.4.0	Errno::EWOULDBLOCK
2.4.0	Errno::EXDEV
2.4.0	Errno::EXFULL
2.4.0	Errno::EXXX
2.4.0	Errno::NOERROR
2.4.0	Exception
2.4.0	FalseClass
2.4.0	Fiber
2.4.0	FiberError
2.4.0	File
2.4.0	File::Constants
2.4.0	File::Stat
2.4.0	FileTest
2.4.0	Fixnum
2.4.0	Float
2.4.0	FloatDomainError
2.4.0	GC
2.4.0	GC::Profiler
2.4.0	Hash
2.4.0	IO
2.4.0	IO::WaitReadable
2.4.0	IO::WaitWritable
2.4.0	IOError
2.4.0	IndexError
2.4.0	Integer
2.4.0	Interrupt
2.4.0	Kernel
2.4.0	KeyError
2.4.0	LoadError
2.4.0	LocalJumpError
2.4.0	Marshal
2.4.0	MatchData
2.4.0	Math
2.4.0	Math::DomainError
2.4.0	Method
2.4.0	Module
2.4.0	Mutex
2.4.0	NameError
2.4.0	NilClass
2.4.0	NoMemoryError
2.4.0	NoMethodError
2.4.0	NotImplementedError
2.4.0	Numeric
2.4.0	Object
2.4.0	ObjectSpace
2.4.0	ObjectSpace::WeakMap
2.4.0	Proc
2.4.0	Process
2.4.0	Process::GID
2.4.0	Process::Status
2.4.0	Process::Sys
2.4.0	Process::UID
2.4.0	Queue
2.4.0	Random
2.4.0	Range
2.4.0	RangeError
2.4.0	Rational
2.4.0	Regexp
2.4.0	RegexpError
2.4.0	RubyVM
2.4.0	RubyVM::InstructionSequence
2.4.0	RuntimeError
2.4.0	ScriptError
2.4.0	SecurityError
2.4.0	Signal
2.4.0	SignalException
2.4.0	SizedQueue
2.4.0	StandardError
2.4.0	StopIteration
2.4.0	String
2.4.0	Struct
2.4.0	Struct::Tms
2.4.0	Symbol
2.4.0	SyntaxError
2.4.0	SystemCallError
2.4.0	SystemExit
2.4.0	SystemStackError
2.4.0	Thread
2.4.0	Thread::Backtrace::Location
2.4.0	Thread::ConditionVariable
2.4.0	Thread::Mutex
2.4.0	Thread::Queue
2.4.0	Thread::SizedQueue
2.4.0	ThreadError
2.4.0	ThreadGroup
2.4.0	Time
2.4.0	TracePoint
2.4.0	TrueClass
2.4.0	TypeError
2.4.0	UnboundMethod
2.4.0	UncaughtThrowError
2.4.0	Warning
2.4.0	ZeroDivisionError
2.4.0	fatal
2.4.0	main
2.5.0	ARGF
2.5.0	ARGF.class
2.5.0	ArgumentError
2.5.0	Array
2.5.0	BasicObject
2.5.0	Bignum
2.5.0	Binding
2.5.0	Class
2.5.0	ClosedQueueError
2.5.0	Comparable
2.5.0	Complex
2.5.0	ConditionVariable
2.5.0	Data
2.5.0	Dir
2.5.0	ENV
2.5.0	EOFError
2.5.0	Encoding
2.5.0	Encoding::CompatibilityError
2.5.0	Encoding::Converter
2.5.0	Encoding::ConverterNotFoundError
2.5.0	Encoding::InvalidByteSequenceError
2.5.0	Encoding::UndefinedConversionError
2.5.0	EncodingError
2.5.0	Enumerable
2.5.0	Enumerator
2.5.0	Enumerator::Lazy
2.5.0	Enumerator::Yielder
2.5.0	Errno
2.5.0	Errno::E2BIG
2.5.0	Errno::EACCES
2.5.0	Errno::EADDRINUSE
2.5.0	Errno::EADDRNOTAVAIL
2.5.0	Errno::EADV
2.5.0	Errno::EAFNOSUPPORT
2.5.0	Errno::EAGAIN
2.5.0	Errno::EALREADY
2.5.0	Errno::EAUTH
2.5.0	Errno::EBADE
2.5.0	Errno::EBADF
2.5.0	Errno::EBADFD
2.5.0	Errno::EBADMSG
2.5.0	Errno::EBADR
2.5.0	Errno::EBADRPC
2.5.0	Errno::EBADRQC
2.5.0	Errno::EBADSLT
2.5.0	Errno::EBFONT
2.5.0	Errno::EBUSY
2.5.0	Errno::ECANCELED
2.5.0	Errno::ECAPMODE
2.5.0	Errno::ECHILD
2.5.0	Errno::ECHRNG
2.5.0	Errno::ECOMM
2.5.0	Errno::ECONNABORTED
2.5.0	Errno::ECONNREFUSED
2.5.0	Errno::ECONNRESET
2.5.0	Errno::EDEADLK
2.5.0	Errno::EDEADLOCK
2.5.0	Errno::EDESTADDRREQ
2.5.0	Errno::EDOM
2.5.0	Errno::EDOOFUS
2.5.0	Errno::EDOTDOT
2.5.0	Errno::EDQUOT
2.5.0	Errno::EEXIST
2.5.0	Errno::EFAULT
2.5.0	Errno::EFBIG
2.5.0	Errno::EFTYPE
2.5.0	Errno::EHOSTDOWN
2.5.0	Errno::EHOSTUNREACH
2.5.0	Errno::EHWPOISON
2.5.0	Errno::EIDRM
2.5.0	Errno::EILSEQ
2.5.0	Errno::EINPROGRESS
2.5.0	Errno::EINTR
2.5.0	Errno::EINVAL
2.5.0	Errno::EIO
2.5.0	Errno::EIPSEC
2.5.0	Errno::EISCONN
2.5.0	Errno::EISDIR
2.5.0	Errno::EISNAM
2.5.0	Errno::EKEYEXPIRED
2.5.0	Errno::EKEYREJECTED
2.5.0	Errno::EKEYREVOKED
2.5.0	Errno::EL2HLT
2.5.0	Errno::EL2NSYNC
2.5.0	Errno::EL3HLT
2.5.0	Errno::EL3RST
2.5.0	Errno::ELIBACC
2.5.0	Errno::ELIBBAD
2.5.0	Errno::ELIBEXEC
2.5.0	Errno::ELIBMAX
2.5.0	Errno::ELIBSCN
2.5.0	Errno::ELNRNG
2.5.0	Errno::ELOOP
2.5.0	Errno::EMEDIUMTYPE
2.5.0	Errno::EMFILE
2.5.0	Errno::EMLINK
2.5.0	Errno::EMSGSIZE
2.5.0	Errno::EMULTIHOP
2.5.0	Errno::ENAMETOOLONG
2.5.0	Errno::ENAVAIL
2.5.0	Errno::ENEEDAUTH
2.5.0	Errno::ENETDOWN
2.5.0	Errno::ENETRESET
2.5.0	Errno::ENETUNREACH
2.5.0	Errno::ENFILE
2.5.0	Errno::ENOANO
2.5.0	Errno::ENOATTR
2.5.0	Errno::ENOBUFS
2.5.0	Errno::ENOCSI
2.5.0	Errno::ENODATA
2.5.0	Errno::ENODEV
2.5.0	Errno::ENOENT
2.5.0	Errno::ENOEXEC
2.5.0	Errno::ENOKEY
2.5.0	Errno::ENOLCK
2.5.0	Errno::ENOLINK
2.5.0	Errno::ENOMEDIUM
2.5.0	Errno::ENOMEM
2.5.0	Errno::ENOMSG
2.5.0	Errno::ENONET
2.5.0	Errno::ENOPKG
2.5.0	Errno::ENOPROTOOPT
2.5.0	Errno::ENOSPC
2.5.0	Errno::ENOSR
2.5.0	Errno::ENOSTR
2.5.0	Errno::ENOSYS
2.5.0	Errno::ENOTBLK
2.5.0	Errno::ENOTCAPABLE
2.5.0	Errno::ENOTCONN
2.5.0	Errno::ENOTDIR
2.5.0	Errno::ENOTEMPTY
2.5.0	Errno::ENOTNAM
2.5.0	Errno::ENOTRECOVERABLE
2.5.0	Errno::ENOTSOCK
2.5.0	Errno::ENOTSUP
2.5.0	Errno::ENOTTY
2.5.0	Errno::ENOTUNIQ
2.5.0	Errno::ENXIO
2.5.0	Errno::EOPNOTSUPP
2.5.0	Errno::EOVERFLOW
2.5.0	Errno::EOWNERDEAD
2.5.0	Errno::EPERM
2.5.0	Errno::EPFNOSUPPORT
2.5.0	Errno::EPIPE
2.5.0	Errno::EPROCLIM
2.5.0	Errno::EPROCUNAVAIL
2.5.0	Errno::EPROGMISMATCH
2.5.0	Errno::EPROGUNAVAIL
2.5.0	Errno::EPROTO
2.5.0	Errno::EPROTONOSUPPORT
2.5.0	Errno::EPROTOTYPE
2.5.0	Errno::ERANGE
2.5.0	Errno::EREMCHG
2.5.0	Errno::EREMOTE
2.5.0	Errno::EREMOTEIO
2.5.0	Errno::ERESTART
2.5.0	Errno::ERFKILL
2.5.0	Errno::EROFS
2.5.0	Errno::ERPCMISMATCH
2.5.0	Errno::ESHUTDOWN
2.5.0	Errno::ESOCKTNOSUPPORT
2.5.0	Errno::ESPIPE
2.5.0	Errno::ESRCH
2.5.0	Errno::ESRMNT
2.5.0	Errno::ESTALE
2.5.0	Errno::ESTRPIPE
2.5.0	Errno::ETIME
2.5.0	Errno::ETIMEDOUT
2.5.0	Errno::ETOOMANYREFS
2.5.0	Errno::ETXTBSY
2.5.0	Errno::EUCLEAN
2.5.0	Errno::EUNATCH
2.5.0	Errno::EUSERS
2.5.0	Errno::EWOULDBLOCK
2.5.0	Errno::EXDEV
2.5.0	Errno::EXFULL
2.5.0	Errno::EXXX
2.5.0	Errno::NOERROR
2.5.0	Exception
2.5.0	FalseClass
2.5.0	Fiber
2.5.0	FiberError
2.5.0	File
2.5.0	File::Constants
2.5.0	File::Stat
2.5.0	FileTest
2.5.0	Fixnum
2.5.0	Float
2.5.0	FloatDomainError
2.5.0	FrozenError
2.5.0	GC
2.5.0	GC::Profiler
2.5.0	Hash
2.5.0	IO
2.5.0	IO::WaitReadable
2.5.0	IO::WaitWritable
2.5.0	IOError
2.5.0	IndexError
2.5.0	Integer
2.5.0	Interrupt
2.5.0	Kernel
2.5.0	KeyError
2.5.0	LoadError
2.5.0	LocalJumpError
2.5.0	Marshal
2.5.0	MatchData
2.5.0	Math
2.5.0	Math::DomainError
2.5.0	Method
2.5.0	Module
2.5.0	Mutex
2.5.0	NameError
2.5.0	NilClass
2.5.0	NoMemoryError
2.5.0	NoMethodError
2.5.0	NotImplementedError
2.5.0	Numeric
2.5.0	Object
2.5.0	ObjectSpace
2.5.0	ObjectSpace::WeakMap
2.5.0	Proc
2.5.0	Process
2.5.0	Process::GID
2.5.0	Process::Status
2.5.0	Process::Sys
2.5.0	Process::Tms
2.5.0	Process::UID
2.5.0	Queue
2.5.0	Random
2.5.0	Range
2.5.0	RangeError
2.5.0	Rational
2.5.0	Regexp
2.5.0	RegexpError
2.5.0	RubyVM
2.5.0	RubyVM::InstructionSequence
2.5.0	RuntimeError
2.5.0	ScriptError
2.5.0	SecurityError
2.5.0	Signal
2.5.0	SignalException
2.5.0	SizedQueue
2.5.0	StandardError
2.5.0	StopIteration
2.5.0	String
2.5.0	Struct
2.5.0	Symbol
2.5.0	SyntaxError
2.5.0	SystemCallError
2.5.0	SystemExit
2.5.0	SystemStackError
2.5.0	Thread
2.5.0	Thread::Backtrace::Location
2.5.0	Thread::ConditionVariable
2.5.0	Thread::Mutex
2.5.0	Thread::Queue
2.5.0	Thread::SizedQueue
2.5.0	ThreadError
2.5.0	ThreadGroup
2.5.0	Time
2.5.0	TracePoint
2.5.0	TrueClass
2.5.0	TypeError
2.5.0	UnboundMethod
2.5.0	UncaughtThrowError
2.5.0	Warning
2.5.0	ZeroDivisionError
2.5.0	fatal
2.5.0	main
2.6.0	ARGF
2.6.0	ARGF.class
2.6.0	ArgumentError
2.6.0	Array
2.6.0	BasicObject
2.6.0	Bignum
2.6.0	Binding
2.6.0	Class
2.6.0	ClosedQueueError
2.6.0	Comparable
2.6.0	Complex
2.6.0	ConditionVariable
2.6.0	Data
2.6.0	Dir
2.6.0	ENV
2.6.0	EOFError
2.6.0	Encoding
2.6.0	Encoding::CompatibilityError
2.6.0	Encoding::Converter
2.6.0	Encoding::ConverterNotFoundError
2.6.0	Encoding::InvalidByteSequenceError
2.6.0	Encoding::UndefinedConversionError
2.6.0	EncodingError
2.6.0	Enumerable
2.6.0	Enumerator
2.6.0	Enumerator::ArithmeticSequence
2.6.0	Enumerator::Chain
2.6.0	Enumerator::Lazy
2.6.0	Enumerator::Yielder
2.6.0	Errno
2.6.0	Errno::E2BIG
2.6.0	Errno::EACCES
2.6.0	Errno::EADDRINUSE
2.6.0	Errno::EADDRNOTAVAIL
2.6.0	Errno::EADV
2.6.0	Errno::EAFNOSUPPORT
2.6.0	Errno::EAGAIN
2.6.0	Errno::EALREADY
2.6.0	Errno::EAUTH
2.6.0	Errno::EBADE
2.6.0	Errno::EBADF
2.6.0	Errno::EBADFD
2.6.0	Errno::EBADMSG
2.6.0	Errno::EBADR
2.6.0	Errno::EBADRPC
2.6.0	Errno::EBADRQC
2.6.0	Errno::EBADSLT
2.6.0	Errno::EBFONT
2.6.0	Errno::EBUSY
2.6.0	Errno::ECANCELED
2.6.0	Errno::ECAPMODE
2.6.0	Errno::ECHILD
2.6.0	Errno::ECHRNG
2.6.0	Errno::ECOMM
2.6.0	Errno::ECONNABORTED
2.6.0	Errno::ECONNREFUSED
2.6.0	Errno::ECONNRESET
2.6.0	Errno::EDEADLK
2.6.0	Errno::EDEADLOCK
2.6.0	Errno::EDESTADDRREQ
2.6.0	Errno::EDOM
2.6.0	Errno::EDOOFUS
2.6.0	Errno::EDOTDOT
2.6.0	Errno::EDQUOT
2.6.0	Errno::EEXIST
2.6.0	Errno::EFAULT
2.6.0	Errno::EFBIG
2.6.0	Errno::EFTYPE
2.6.0	Errno::EHOSTDOWN
2.6.0	Errno::EHOSTUNREACH
2.6.0	Errno::EHWPOISON
2.6.0	Errno::EIDRM
2.6.0	Errno::EILSEQ
2.6.0	Errno::EINPROGRESS
2.6.0	Errno::EINTR
2.6.0	Errno::EINVAL
2.6.0	Errno::EIO
2.6.0	Errno::EIPSEC
2.6.0	Errno::EISCONN
2.6.0	Errno::EISDIR
2.6.0	Errno::EISNAM
2.6.0	Errno::EKEYEXPIRED
2.6.0	Errno::EKEYREJECTED
2.6.0	Errno::EKEYREVOKED
2.6.0	Errno::EL2HLT
2.6.0	Errno::EL2NSYNC
2.6.0	Errno::EL3HLT
2.6.0	Errno::EL3RST
2.6.0	Errno::ELIBACC
2.6.0	Errno::ELIBBAD
2.6.0	Errno::ELIBEXEC
2.6.0	Errno::ELIBMAX
2.6.0	Errno::ELIBSCN
2.6.0	Errno::ELNRNG
2.6.0	Errno::ELOOP
2.6.0	Errno::EMEDIUMTYPE
2.6.0	Errno::EMFILE
2.6.0	Errno::EMLINK
2.6.0	Errno::EMSGSIZE
2.6.0	Errno::EMULTIHOP
2.6.0	Errno::ENAMETOOLONG
2.6.0	Errno::ENAVAIL
2.6.0	Errno::ENEEDAUTH
2.6.0	Errno::ENETDOWN
2.6.0	Errno::ENETRESET
2.6.0	Errno::ENETUNREACH
2.6.0	Errno::ENFILE
2.6.0	Errno::ENOANO
2.6.0	Errno::ENOATTR
2.6.0	Errno::ENOBUFS
2.6.0	Errno::ENOCSI
2.6.0	Errno::ENODATA
2.6.0	Errno::ENODEV
2.6.0	Errno::ENOENT
2.6.0	Errno::ENOEXEC
2.6.0	Errno::ENOKEY
2.6.0	Errno::ENOLCK
2.6.0	Errno::ENOLINK
2.6.0	Errno::ENOMEDIUM
2.6.0	Errno::ENOMEM
2.6.0	Errno::ENOMSG
2.6.0	Errno::ENONET
2.6.0	Errno::ENOPKG
2.6.0	Errno::ENOPROTOOPT
2.6.0	Errno::ENOSPC
2.6.0	Errno::ENOSR
2.6.0	Errno::ENOSTR
2.6.0	Errno::ENOSYS
2.6.0	Errno::ENOTBLK
2.6.0	Errno::ENOTCAPABLE
2.6.0	Errno::ENOTCONN
2.6.0	Errno::ENOTDIR
2.6.0	Errno::ENOTEMPTY
2.6.0	Errno::ENOTNAM
2.6.0	Errno::ENOTRECOVERABLE
2.6.0	Errno::ENOTSOCK
2.6.0	Errno::ENOTSUP
2.6.0	Errno::ENOTTY
2.6.0	Errno::ENOTUNIQ
2.6.0	Errno::ENXIO
2.6.0	Errno::EOPNOTSUPP
2.6.0	Errno::EOVERFLOW
2.6.0	Errno::EOWNERDEAD
2.6.0	Errno::EPERM
2.6.0	Errno::EPFNOSUPPORT
2.6.0	Errno::EPIPE
2.6.0	Errno::EPROCLIM
2.6.0	Errno::EPROCUNAVAIL
2.6.0	Errno::EPROGMISMATCH
2.6.0	Errno::EPROGUNAVAIL
2.6.0	Errno::EPROTO
2.6.0	Errno::EPROTONOSUPPORT
2.6.0	Errno::EPROTOTYPE
2.6.0	Errno::ERANGE
2.6.0	Errno::EREMCHG
2.6.0	Errno::EREMOTE
2.6.0	Errno::EREMOTEIO
2.6.0	Errno::ERESTART
2.6.0	Errno::ERFKILL
2.6.0	Errno::EROFS
2.6.0	Errno::ERPCMISMATCH
2.6.0	Errno::ESHUTDOWN
2.6.0	Errno::ESOCKTNOSUPPORT
2.6.0	Errno::ESPIPE
2.6.0	Errno::ESRCH
2.6.0	Errno::ESRMNT
2.6.0	Errno::ESTALE
2.6.0	Errno::ESTRPIPE
2.6.0	Errno::ETIME
2.6.0	Errno::ETIMEDOUT
2.6.0	Errno::ETOOMANYREFS
2.6.0	Errno::ETXTBSY
2.6.0	Errno::EUCLEAN
2.6.0	Errno::EUNATCH
2.6.0	Errno::EUSERS
2.6.0	Errno::EWOULDBLOCK
2.6.0	Errno::EXDEV
2.6.0	Errno::EXFULL
2.6.0	Errno::EXXX
2.6.0	Errno::NOERROR
2.6.0	Exception
2.6.0	FalseClass
2.6.0	Fiber
2.6.0	FiberError
2.6.0	File
2.6.0	File::Constants
2.6.0	File::Stat
2.6.0	FileTest
2.6.0	Fixnum
2.6.0	Float
2.6.0	FloatDomainError
2.6.0	FrozenError
2.6.0	GC
2.6.0	GC::Profiler
2.6.0	Hash
2.6.0	IO
2.6.0	IO::WaitReadable
2.6.0	IO::WaitWritable
2.6.0	IOError
2.6.0	IndexError
2.6.0	Integer
2.6.0	Interrupt
2.6.0	Kernel
2.6.0	KeyError
2.6.0	LoadError
2.6.0	LocalJumpError
2.6.0	Marshal
2.6.0	MatchData
2.6.0	Math
2.6.0	Math::DomainError
2.6.0	Method
2.6.0	Module
2.6.0	Mutex
2.6.0	NameError
2.6.0	NilClass
2.6.0	NoMemoryError
2.6.0	NoMethodError
2.6.0	NotImplementedError
2.6.0	Numeric
2.6.0	Object
2.6.0	ObjectSpace
2.6.0	ObjectSpace::WeakMap
2.6.0	Proc
2.6.0	Process
2.6.0	Process::GID
2.6.0	Process::Status
2.6.0	Process::Sys
2.6.0	Process::Tms
2.6.0	Process::UID
2.6.0	Queue
2.6.0	Random
2.6.0	Range
2.6.0	RangeError
2.6.0	Rational
2.6.0	Regexp
2.6.0	RegexpError
2.6.0	RubyVM
2.6.0	RubyVM::AbstractSyntaxTree
2.6.0	RubyVM::AbstractSyntaxTree::Node
2.6.0	RubyVM::InstructionSequence
2.6.0	RubyVM::MJIT
2.6.0	RuntimeError
2.6.0	ScriptError
2.6.0	SecurityError
2.6.0	Signal
2.6.0	SignalException
2.6.0	SizedQueue
2.6.0	StandardError
2.6.0	StopIteration
2.6.0	String
2.6.0	Struct
2.6.0	Symbol
2.6.0	SyntaxError
2.6.0	SystemCallError
2.6.0	SystemExit
2.6.0	SystemStackError
2.6.0	Thread
2.6.0	Thread::Backtrace::Location
2.6.0	Thread::ConditionVariable
2.6.0	Thread::Mutex
2.6.0	Thread::Queue
2.6.0	Thread::SizedQueue
2.6.0	ThreadError
2.6.0	ThreadGroup
2.6.0	Time
2.6.0	TracePoint
2.6.0	TrueClass
2.6.0	TypeError
2.6.0	UnboundMethod
2.6.0	UncaughtThrowError
2.6.0	Warning
2.6.0	ZeroDivisionError
2.6.0	fatal
2.6.0	main
2.7.0	ARGF
2.7.0	ARGF.class
2.7.0	ArgumentError
2.7.0	Array
2.7.0	BasicObject
2.7.0	Bignum
2.7.0	Binding
2.7.0	Class
2.7.0	ClosedQueueError
2.7.0	Comparable
2.7.0	Complex
2.7.0	ConditionVariable
2.7.0	Dir
2.7.0	ENV
2.7.0	EOFError
2.7.0	Encoding
2.7.0	Encoding::CompatibilityError
2.7.0	Encoding::Converter
2.7.0	Encoding::ConverterNotFoundError
2.7.0	Encoding::InvalidByteSequenceError
2.7.0	Encoding::UndefinedConversionError
2.7.0	EncodingError
2.7.0	Enumerable
2.7.0	Enumerator
2.7.0	Enumerator::ArithmeticSequence
2.7.0	Enumerator::Chain
2.7.0	Enumerator::Lazy
2.7.0	Enumerator::Yielder
2.7.0	Errno
2.7.0	Errno::E2BIG
2.7.0	Errno::EACCES
2.7.0	Errno::EADDRINUSE
2.7.0	Errno::EADDRNOTAVAIL
2.7.0	Errno::EADV
2.7.0	Errno::EAFNOSUPPORT
2.7.0	Errno::EAGAIN
2.7.0	Errno::EALREADY
2.7.0	Errno::EAUTH
2.7.0	Errno::EBADE
2.7.0	Errno::EBADF
2.7.0	Errno::EBADFD
2.7.0	Errno::EBADMSG
2.7.0	Errno::EBADR
2.7.0	Errno::EBADRPC
2.7.0	Errno::EBADRQC
2.7.0	Errno::EBADSLT
2.7.0	Errno::EBFONT
2.7.0	Errno::EBUSY
2.7.0	Errno::ECANCELED
2.7.0	Errno::ECAPMODE
2.7.0	Errno::ECHILD
2.7.0	Errno::ECHRNG
2.7.0	Errno::ECOMM
2.7.0	Errno::ECONNABORTED
2.7.0	Errno::ECONNREFUSED
2.7.0	Errno::ECONNRESET
2.7.0	Errno::EDEADLK
2.7.0	Errno::EDEADLOCK
2.7.0	Errno::EDESTADDRREQ
2.7.0	Errno::EDOM
2.7.0	Errno::EDOOFUS
2.7.0	Errno::EDOTDOT
2.7.0	Errno::EDQUOT
2.7.0	Errno::EEXIST
2.7.0	Errno::EFAULT
2.7.0	Errno::EFBIG
2.7.0	Errno::EFTYPE
2.7.0	Errno::EHOSTDOWN
2.7.0	Errno::EHOSTUNREACH
2.7.0	Errno::EHWPOISON
2.7.0	Errno::EIDRM
2.7.0	Errno::EILSEQ
2.7.0	Errno::EINPROGRESS
2.7.0	Errno::EINTR
2.7.0	Errno::EINVAL
2.7.0	Errno::EIO
2.7.0	Errno::EIPSEC
2.7.0	Errno::EISCONN
2.7.0	Errno::EISDIR
2.7.0	Errno::EISNAM
2.7.0	Errno::EKEYEXPIRED
2.7.0	Errno::EKEYREJECTED
2.7.0	Errno::EKEYREVOKED
2.7.0	Errno::EL2HLT
2.7.0	Errno::EL2NSYNC
2.7.0	Errno::EL3HLT
2.7.0	Errno::EL3RST
2.7.0	Errno::ELIBACC
2.7.0	Errno::ELIBBAD
2.7.0	Errno::ELIBEXEC
2.7.0	Errno::ELIBMAX
2.7.0	Errno::ELIBSCN
2.7.0	Errno::ELNRNG
2.7.0	Errno::ELOOP
2.7.0	Errno::EMEDIUMTYPE
2.7.0	Errno::EMFILE
2.7.0	Errno::EMLINK
2.7.0	Errno::EMSGSIZE
2.7.0	Errno::EMULTIHOP
2.7.0	Errno::ENAMETOOLONG
2.7.0	Errno::ENAVAIL
2.7.0	Errno::ENEEDAUTH
2.7.0	Errno::ENETDOWN
2.7.0	Errno::ENETRESET
2.7.0	Errno::ENETUNREACH
2.7.0	Errno::ENFILE
2.7.0	Errno::ENOANO
2.7.0	Errno::ENOATTR
2.7.0	Errno::ENOBUFS
2.7.0	Errno::ENOCSI
2.7.0	Errno::ENODATA
2.7.0	Errno::ENODEV
2.7.0	Errno::ENOENT
2.7.0	Errno::ENOEXEC
2.7.0	Errno::ENOKEY
2.7.0	Errno::ENOLCK
2.7.0	Errno::ENOLINK
2.7.0	Errno::ENOMEDIUM
2.7.0	Errno::ENOMEM
2.7.0	Errno::ENOMSG
2.7.0	Errno::ENONET
2.7.0	Errno::ENOPKG
2.7.0	Errno::ENOPROTOOPT
2.7.0	Errno::ENOSPC
2.7.0	Errno::ENOSR
2.7.0	Errno::ENOSTR
2.7.0	Errno::ENOSYS
2.7.0	Errno::ENOTBLK
2.7.0	Errno::ENOTCAPABLE
2.7.0	Errno::ENOTCONN
2.7.0	Errno::ENOTDIR
2.7.0	Errno::ENOTEMPTY
2.7.0	Errno::ENOTNAM
2.7.0	Errno::ENOTRECOVERABLE
2.7.0	Errno::ENOTSOCK
2.7.0	Errno::ENOTSUP
2.7.0	Errno::ENOTTY
2.7.0	Errno::ENOTUNIQ
2.7.0	Errno::ENXIO
2.7.0	Errno::EOPNOTSUPP
2.7.0	Errno::EOVERFLOW
2.7.0	Errno::EOWNERDEAD
2.7.0	Errno::EPERM
2.7.0	Errno::EPFNOSUPPORT
2.7.0	Errno::EPIPE
2.7.0	Errno::EPROCLIM
2.7.0	Errno::EPROCUNAVAIL
2.7.0	Errno::EPROGMISMATCH
2.7.0	Errno::EPROGUNAVAIL
2.7.0	Errno::EPROTO
2.7.0	Errno::EPROTONOSUPPORT
2.7.0	Errno::EPROTOTYPE
2.7.0	Errno::ERANGE
2.7.0	Errno::EREMCHG
2.7.0	Errno::EREMOTE
2.7.0	Errno::EREMOTEIO
2.7.0	Errno::ERESTART
2.7.0	Errno::ERFKILL
2.7.0	Errno::EROFS
2.7.0	Errno::ERPCMISMATCH
2.7.0	Errno::ESHUTDOWN
2.7.0	Errno::ESOCKTNOSUPPORT
2.7.0	Errno::ESPIPE
2.7.0	Errno::ESRCH
2.7.0	Errno::ESRMNT
2.7.0	Errno::ESTALE
2.7.0	Errno::ESTRPIPE
2.7.0	Errno::ETIME
2.7.0	Errno::ETIMEDOUT
2.7.0	Errno::ETOOMANYREFS
2.7.0	Errno::ETXTBSY
2.7.0	Errno::EUCLEAN
2.7.0	Errno::EUNATCH
2.7.0	Errno::EUSERS
2.7.0	Errno::EWOULDBLOCK
2.7.0	Errno::EXDEV
2.7.0	Errno::EXFULL
2.7.0	Errno::EXXX
2.7.0	Errno::NOERROR
2.7.0	Exception
2.7.0	FalseClass
2.7.0	Fiber
2.7.0	FiberError
2.7.0	File
2.7.0	File::Constants
2.7.0	File::Stat
2.7.0	FileTest
2.7.0	Fixnum
2.7.0	Float
2.7.0	FloatDomainError
2.7.0	FrozenError
2.7.0	GC
2.7.0	GC::Profiler
2.7.0	Hash
2.7.0	IO
2.7.0	IO::WaitReadable
2.7.0	IO::WaitWritable
2.7.0	IOError
2.7.0	IndexError
2.7.0	Integer
2.7.0	Interrupt
2.7.0	Kernel
2.7.0	KeyError
2.7.0	LoadError
2.7.0	LocalJumpError
2.7.0	Marshal
2.7.0	MatchData
2.7.0	Math
2.7.0	Math::DomainError
2.7.0	Method
2.7.0	Module
2.7.0	Mutex
2.7.0	NameError
2.7.0	NilClass
2.7.0	NoMatchingPatternError
2.7.0	NoMemoryError
2.7.0	NoMethodError
2.7.0	NotImplementedError
2.7.0	Numeric
2.7.0	Object
2.7.0	ObjectSpace
2.7.0	ObjectSpace::WeakMap
2.7.0	Proc
2.7.0	Process
2.7.0	Process::GID
2.7.0	Process::Status
2.7.0	Process::Sys
2.7.0	Process::Tms
2.7.0	Process::UID
2.7.0	Queue
2.7.0	Random
2.7.0	Range
2.7.0	RangeError
2.7.0	Rational
2.7.0	Regexp
2.7.0	RegexpError
2.7.0	RubyVM
2.7.0	RubyVM::AbstractSyntaxTree
2.7.0	RubyVM::AbstractSyntaxTree::Node
2.7.0	RubyVM::InstructionSequence
2.7.0	RubyVM::MJIT
2.7.0	RuntimeError
2.7.0	ScriptError
2.7.0	SecurityError
2.7.0	Signal
2.7.0	SignalException
2.7.0	SizedQueue
2.7.0	StandardError
2.7.0	StopIteration
2.7.0	String
2.7.0	Struct
2.7.0	Symbol
2.7.0	SyntaxError
2.7.0	SystemCallError
2.7.0	SystemExit
2.7.0	SystemStackError
2.7.0	Thread
2.7.0	Thread::Backtrace::Location
2.7.0	Thread::ConditionVariable
2.7.0	Thread::Mutex
2.7.0	Thread::Queue
2.7.0	Thread::SizedQueue
2.7.0	ThreadError
2.7.0	ThreadGroup
2.7.0	Time
2.7.0	TracePoint
2.7.0	TrueClass
2.7.0	TypeError
2.7.0	UnboundMethod
2.7.0	UncaughtThrowError
2.7.0	Warning
2.7.0	ZeroDivisionError
2.7.0	fatal
2.7.0	main
3.0	ARGF
3.0	ARGF.class
3.0	ArgumentError
3.0	Array
3.0	BasicObject
3.0	Bignum
3.0	Binding
3.0	Class
3.0	ClosedQueueError
3.0	Comparable
3.0	Complex
3.0	ConditionVariable
3.0	Dir
3.0	ENV
3.0	EOFError
3.0	Encoding
3.0	Encoding::CompatibilityError
3.0	Encoding::Converter
3.0	Encoding::ConverterNotFoundError
3.0	Encoding::InvalidByteSequenceError
3.0	Encoding::UndefinedConversionError
3.0	EncodingError
3.0	Enumerable
3.0	Enumerator
3.0	Enumerator::ArithmeticSequence
3.0	Enumerator::Chain
3.0	Enumerator::Generator
3.0	Enumerator::Lazy
3.0	Enumerator::Yielder
3.0	Errno
3.0	Errno::E2BIG
3.0	Errno::EACCES
3.0	Errno::EADDRINUSE
3.0	Errno::EADDRNOTAVAIL
3.0	Errno::EADV
3.0	Errno::EAFNOSUPPORT
3.0	Errno::EAGAIN
3.0	Errno::EALREADY
3.0	Errno::EAUTH
3.0	Errno::EBADE
3.0	Errno::EBADF
3.0	Errno::EBADFD
3.0	Errno::EBADMSG
3.0	Errno::EBADR
3.0	Errno::EBADRPC
3.0	Errno::EBADRQC
3.0	Errno::EBADSLT
3.0	Errno::EBFONT
3.0	Errno::EBUSY
3.0	Errno::ECANCELED
3.0	Errno::ECAPMODE
3.0	Errno::ECHILD
3.0	Errno::ECHRNG
3.0	Errno::ECOMM
3.0	Errno::ECONNABORTED
3.0	Errno::ECONNREFUSED
3.0	Errno::ECONNRESET
3.0	Errno::EDEADLK
3.0	Errno::EDEADLOCK
3.0	Errno::EDESTADDRREQ
3.0	Errno::EDOM
3.0	Errno::EDOOFUS
3.0	Errno::EDOTDOT
3.0	Errno::EDQUOT
3.0	Errno::EEXIST
3.0	Errno::EFAULT
3.0	Errno::EFBIG
3.0	Errno::EFTYPE
3.0	Errno::EHOSTDOWN
3.0	Errno::EHOSTUNREACH
3.0	Errno::EHWPOISON
3.0	Errno::EIDRM
3.0	Errno::EILSEQ
3.0	Errno::EINPROGRESS
3.0	Errno::EINTR
3.0	Errno::EINVAL
3.0	Errno::EIO
3.0	Errno::EIPSEC
3.0	Errno::EISCONN
3.0	Errno::EISDIR
3.0	Errno::EISNAM
3.0	Errno::EKEYEXPIRED
3.0	Errno::EKEYREJECTED
3.0	Errno::EKEYREVOKED
3.0	Errno::EL2HLT
3.0	Errno::EL2NSYNC
3.0	Errno::EL3HLT
3.0	Errno::EL3RST
3.0	Errno::ELIBACC
3.0	Errno::ELIBBAD
3.0	Errno::ELIBEXEC
3.0	Errno::ELIBMAX
3.0	Errno::ELIBSCN
3.0	Errno::ELNRNG
3.0	Errno::ELOOP
3.0	Errno::EMEDIUMTYPE
3.0	Errno::EMFILE
3.0	Errno::EMLINK
3.0	Errno::EMSGSIZE
3.0	Errno::EMULTIHOP
3.0	Errno::ENAMETOOLONG
3.0	Errno::ENAVAIL
3.0	Errno::ENEEDAUTH
3.0	Errno::ENETDOWN
3.0	Errno::ENETRESET
3.0	Errno::ENETUNREACH
3.0	Errno::ENFILE
3.0	Errno::ENOANO
3.0	Errno::ENOATTR
3.0	Errno::ENOBUFS
3.0	Errno::ENOCSI
3.0	Errno::ENODATA
3.0	Errno::ENODEV
3.0	Errno::ENOENT
3.0	Errno::ENOEXEC
3.0	Errno::ENOKEY
3.0	Errno::ENOLCK
3.0	Errno::ENOLINK
3.0	Errno::ENOMEDIUM
3.0	Errno::ENOMEM
3.0	Errno::ENOMSG
3.0	Errno::ENONET
3.0	Errno::ENOPKG
3.0	Errno::ENOPROTOOPT
3.0	Errno::ENOSPC
3.0	Errno::ENOSR
3.0	Errno::ENOSTR
3.0	Errno::ENOSYS
3.0	Errno::ENOTBLK
3.0	Errno::ENOTCAPABLE
3.0	Errno::ENOTCONN
3.0	Errno::ENOTDIR
3.0	Errno::ENOTEMPTY
3.0	Errno::ENOTNAM
3.0	Errno::ENOTRECOVERABLE
3.0	Errno::ENOTSOCK
3.0	Errno::ENOTSUP
3.0	Errno::ENOTTY
3.0	Errno::ENOTUNIQ
3.0	Errno::ENXIO
3.0	Errno::EOPNOTSUPP
3.0	Errno::EOVERFLOW
3.0	Errno::EOWNERDEAD
3.0	Errno::EPERM
3.0	Errno::EPFNOSUPPORT
3.0	Errno::EPIPE
3.0	Errno::EPROCLIM
3.0	Errno::EPROCUNAVAIL
3.0	Errno::EPROGMISMATCH
3.0	Errno::EPROGUNAVAIL
3.0	Errno::EPROTO
3.0	Errno::EPROTONOSUPPORT
3.0	Errno::EPROTOTYPE
3.0	Errno::ERANGE
3.0	Errno::EREMCHG
3.0	Errno::EREMOTE
3.0	Errno::EREMOTEIO
3.0	Errno::ERESTART
3.0	Errno::ERFKILL
3.0	Errno::EROFS
3.0	Errno::ERPCMISMATCH
3.0	Errno::ESHUTDOWN
3.0	Errno::ESOCKTNOSUPPORT
3.0	Errno::ESPIPE
3.0	Errno::ESRCH
3.0	Errno::ESRMNT
3.0	Errno::ESTALE
3.0	Errno::ESTRPIPE
3.0	Errno::ETIME
3.0	Errno::ETIMEDOUT
3.0	Errno::ETOOMANYREFS
3.0	Errno::ETXTBSY
3.0	Errno::EUCLEAN
3.0	Errno::EUNATCH
3.0	Errno::EUSERS
3.0	Errno::EWOULDBLOCK
3.0	Errno::EXDEV
3.0	Errno::EXFULL
3.0	Errno::EXXX
3.0	Errno::NOERROR
3.0	Exception
3.0	FalseClass
3.0	Fiber
3.0	FiberError
3.0	File
3.0	File::Constants
3.0	File::Stat
3.0	FileTest
3.0	Fixnum
3.0	Float
3.0	FloatDomainError
3.0	FrozenError
3.0	GC
3.0	GC::Profiler
3.0	Hash
3.0	IO
3.0	IO::EAGAINWaitReadable
3.0	IO::EAGAINWaitWritable
3.0	IO::EINPROGRESSWaitReadable
3.0	IO::EINPROGRESSWaitWritable
3.0	IO::WaitReadable
3.0	IO::WaitWritable
3.0	IOError
3.0	IndexError
3.0	Integer
3.0	Interrupt
3.0	Kernel
3.0	KeyError
3.0	LoadError
3.0	LocalJumpError
3.0	Marshal
3.0	MatchData
3.0	Math
3.0	Math::DomainError
3.0	Method
3.0	Module
3.0	Mutex
3.0	NameError
3.0	NilClass
3.0	NoMatchingPatternError
3.0	NoMemoryError
3.0	NoMethodError
3.0	NotImplementedError
3.0	Numeric
3.0	Object
3.0	ObjectSpace
3.0	ObjectSpace::WeakMap
3.0	Proc
3.0	Process
3.0	Process::GID
3.0	Process::Status
3.0	Process::Sys
3.0	Process::Tms
3.0	Process::UID
3.0	Process::Waiter
3.0	Queue
3.0	Ractor
3.0	Ractor::MovedObject
3.0	Random
3.0	Random::Formatter
3.0	Range
3.0	RangeError
3.0	Rational
3.0	Regexp
3.0	RegexpError
3.0	RubyVM
3.0	RubyVM::AbstractSyntaxTree
3.0	RubyVM::AbstractSyntaxTree::Node
3.0	RubyVM::InstructionSequence
3.0	RubyVM::MJIT
3.0	RuntimeError
3.0	ScriptError
3.0	SecurityError
3.0	Signal
3.0	SignalException
3.0	SizedQueue
3.0	StandardError
3.0	StopIteration
3.0	String
3.0	Struct
3.0	Symbol
3.0	SyntaxError
3.0	SystemCallError
3.0	SystemExit
3.0	SystemStackError
3.0	Thread
3.0	Thread::Backtrace::Location
3.0	Thread::ConditionVariable
3.0	Thread::Mutex
3.0	Thread::Queue
3.0	Thread::SizedQueue
3.0	ThreadError
3.0	ThreadGroup
3.0	Time
3.0	TracePoint
3.0	TrueClass
3.0	TypeError
3.0	UnboundMethod
3.0	UncaughtThrowError
3.0	Warning
3.0	ZeroDivisionError
3.0	fatal
3.0	main
3.1	ARGF
3.1	ARGF.class
3.1	ArgumentError
3.1	Array
3.1	BasicObject
3.1	Bignum
3.1	Binding
3.1	Class
3.1	ClosedQueueError
3.1	Comparable
3.1	Complex
3.1	ConditionVariable
3.1	Dir
3.1	ENV
3.1	EOFError
3.1	Encoding
3.1	Encoding::CompatibilityError
3.1	Encoding::Converter
3.1	Encoding::ConverterNotFoundError
3.1	Encoding::InvalidByteSequenceError
3.1	Encoding::UndefinedConversionError
3.1	EncodingError
3.1	Enumerable
3.1	Enumerator
3.1	Enumerator::ArithmeticSequence
3.1	Enumerator::Chain
3.1	Enumerator::Generator
3.1	Enumerator::Lazy
3.1	Enumerator::Yielder
3.1	Errno
3.1	Errno::E2BIG
3.1	Errno::EACCES
3.1	Errno::EADDRINUSE
3.1	Errno::EADDRNOTAVAIL
3.1	Errno::EADV
3.1	Errno::EAFNOSUPPORT
3.1	Errno::EAGAIN
3.1	Errno::EALREADY
3.1	Errno::EAUTH
3.1	Errno::EBADE
3.1	Errno::EBADF
3.1	Errno::EBADFD
3.1	Errno::EBADMSG
3.1	Errno::EBADR
3.1	Errno::EBADRPC
3.1	Errno::EBADRQC
3.1	Errno::EBADSLT
3.1	Errno::EBFONT
3.1	Errno::EBUSY
3.1	Errno::ECANCELED
3.1	Errno::ECAPMODE
3.1	Errno::ECHILD
3.1	Errno::ECHRNG
3.1	Errno::ECOMM
3.1	Errno::ECONNABORTED
3.1	Errno::ECONNREFUSED
3.1	Errno::ECONNRESET
3.1	Errno::EDEADLK
3.1	Errno::EDEADLOCK
3.1	Errno::EDESTADDRREQ
3.1	Errno::EDOM
3.1	Errno::EDOOFUS
3.1	Errno::EDOTDOT
3.1	Errno::EDQUOT
3.1	Errno::EEXIST
3.1	Errno::EFAULT
3.1	Errno::EFBIG
3.1	Errno::EFTYPE
3.1	Errno::EHOSTDOWN
3.1	Errno::EHOSTUNREACH
3.1	Errno::EHWPOISON
3.1	Errno::EIDRM
3.1	Errno::EILSEQ
3.1	Errno::EINPROGRESS
3.1	Errno::EINTR
3.1	Errno::EINVAL
3.1	Errno::EIO
3.1	Errno::EIPSEC
3.1	Errno::EISCONN
3.1	Errno::EISDIR
3.1	Errno::EISNAM
3.1	Errno::EKEYEXPIRED
3.1	Errno::EKEYREJECTED
3.1	Errno::EKEYREVOKED
3.1	Errno::EL2HLT
3.1	Errno::EL2NSYNC
3.1	Errno::EL3HLT
3.1	Errno::EL3RST
3.1	Errno::ELIBACC
3.1	Errno::ELIBBAD
3.1	Errno::ELIBEXEC
3.1	Errno::ELIBMAX
3.1	Errno::ELIBSCN
3.1	Errno::ELNRNG
3.1	Errno::ELOOP
3.1	Errno::EMEDIUMTYPE
3.1	Errno::EMFILE
3.1	Errno::EMLINK
3.1	Errno::EMSGSIZE
3.1	Errno::EMULTIHOP
3.1	Errno::ENAMETOOLONG
3.1	Errno::ENAVAIL
3.1	Errno::ENEEDAUTH
3.1	Errno::ENETDOWN
3.1	Errno::ENETRESET
3.1	Errno::ENETUNREACH
3.1	Errno::ENFILE
3.1	Errno::ENOANO
3.1	Errno::ENOATTR
3.1	Errno::ENOBUFS
3.1	Errno::ENOCSI
3.1	Errno::ENODATA
3.1	Errno::ENODEV
3.1	Errno::ENOENT
3.1	Errno::ENOEXEC
3.1	Errno::ENOKEY
3.1	Errno::ENOLCK
3.1	Errno::ENOLINK
3.1	Errno::ENOMEDIUM
3.1	Errno::ENOMEM
3.1	Errno::ENOMSG
3.1	Errno::ENONET
3.1	Errno::ENOPKG
3.1	Errno::ENOPROTOOPT
3.1	Errno::ENOSPC
3.1	Errno::ENOSR
3.1	Errno::ENOSTR
3.1	Errno::ENOSYS
3.1	Errno::ENOTBLK
3.1	Errno::ENOTCAPABLE
3.1	Errno::ENOTCONN
3.1	Errno::ENOTDIR
3.1	Errno::ENOTEMPTY
3.1	Errno::ENOTNAM
3.1	Errno::ENOTRECOVERABLE
3.1	Errno::ENOTSOCK
3.1	Errno::ENOTSUP
3.1	Errno::ENOTTY
3.1	Errno::ENOTUNIQ
3.1	Errno::ENXIO
3.1	Errno::EOPNOTSUPP
3.1	Errno::EOVERFLOW
3.1	Errno::EOWNERDEAD
3.1	Errno::EPERM
3.1	Errno::EPFNOSUPPORT
3.1	Errno::EPIPE
3.1	Errno::EPROCLIM
3.1	Errno::EPROCUNAVAIL
3.1	Errno::EPROGMISMATCH
3.1	Errno::EPROGUNAVAIL
3.1	Errno::EPROTO
3.1	Errno::EPROTONOSUPPORT
3.1	Errno::EPROTOTYPE
3.1	Errno::ERANGE
3.1	Errno::EREMCHG
3.1	Errno::EREMOTE
3.1	Errno::EREMOTEIO
3.1	Errno::ERESTART
3.1	Errno::ERFKILL
3.1	Errno::EROFS
3.1	Errno::ERPCMISMATCH
3.1	Errno::ESHUTDOWN
3.1	Errno::ESOCKTNOSUPPORT
3.1	Errno::ESPIPE
3.1	Errno::ESRCH
3.1	Errno::ESRMNT
3.1	Errno::ESTALE
3.1	Errno::ESTRPIPE
3.1	Errno::ETIME
3.1	Errno::ETIMEDOUT
3.1	Errno::ETOOMANYREFS
3.1	Errno::ETXTBSY
3.1	Errno::EUCLEAN
3.1	Errno::EUNATCH
3.1	Errno::EUSERS
3.1	Errno::EWOULDBLOCK
3.1	Errno::EXDEV
3.1	Errno::EXFULL
3.1	Errno::EXXX
3.1	Errno::NOERROR
3.1	Exception
3.1	FalseClass
3.1	Fiber
3.1	FiberError
3.1	File
3.1	File::Constants
3.1	File::Stat
3.1	FileTest
3.1	Fixnum
3.1	Float
3.1	FloatDomainError
3.1	FrozenError
3.1	GC
3.1	GC::Profiler
3.1	Hash
3.1	IO
3.1	IO::EAGAINWaitReadable
3.1	IO::EAGAINWaitWritable
3.1	IO::EINPROGRESSWaitReadable
3.1	IO::EINPROGRESSWaitWritable
3.1	IO::WaitReadable
3.1	IO::WaitWritable
3.1	IOError
3.1	IndexError
3.1	Integer
3.1	Interrupt
3.1	Kernel
3.1	KeyError
3.1	LoadError
3.1	LocalJumpError
3.1	Marshal
3.1	MatchData
3.1	Math
3.1	Math::DomainError
3.1	Method
3.1	Module
3.1	Mutex
3.1	NameError
3.1	NilClass
3.1	NoMatchingPatternError
3.1	NoMemoryError
3.1	NoMethodError
3.1	NotImplementedError
3.1	Numeric
3.1	Object
3.1	ObjectSpace
3.1	ObjectSpace::WeakMap
3.1	Proc
3.1	Process
3.1	Process::GID
3.1	Process::Status
3.1	Process::Sys
3.1	Process::Tms
3.1	Process::UID
3.1	Process::Waiter
3.1	Queue
3.1	Ractor
3.1	Ractor::MovedObject
3.1	Random
3.1	Random::Formatter
3.1	Range
3.1	RangeError
3.1	Rational
3.1	Refinement
3.1	Regexp
3.1	RegexpError
3.1	RubyVM
3.1	RubyVM::AbstractSyntaxTree
3.1	RubyVM::AbstractSyntaxTree::Node
3.1	RubyVM::InstructionSequence
3.1	RubyVM::MJIT
3.1	RubyVM::YJIT
3.1	RuntimeError
3.1	ScriptError
3.1	SecurityError
3.1	Signal
3.1	SignalException
3.1	SizedQueue
3.1	StandardError
3.1	StopIteration
3.1	String
3.1	Struct
3.1	Symbol
3.1	SyntaxError
3.1	SystemCallError
3.1	SystemExit
3.1	SystemStackError
3.1	Thread
3.1	Thread::Backtrace::Location
3.1	Thread::ConditionVariable
3.1	Thread::Mutex
3.1	Thread::Queue
3.1	Thread::SizedQueue
3.1	ThreadError
3.1	ThreadGroup
3.1	Time
3.1	TracePoint
3.1	TrueClass
3.1	TypeError
3.1	UnboundMethod
3.1	UncaughtThrowError
3.1	Warning
3.1	ZeroDivisionError
3.1	fatal
3.1	main
3.2	ARGF
3.2	ARGF.class
3.2	ArgumentError
3.2	Array
3.2	BasicObject
3.2	Binding
3.2	Class
3.2	ClosedQueueError
3.2	Comparable
3.2	Complex
3.2	ConditionVariable
3.2	Data
3.2	Dir
3.2	ENV
3.2	EOFError
3.2	Encoding
3.2	Encoding::CompatibilityError
3.2	Encoding::Converter
3.2	Encoding::ConverterNotFoundError
3.2	Encoding::InvalidByteSequenceError
3.2	Encoding::UndefinedConversionError
3.2	EncodingError
3.2	Enumerable
3.2	Enumerator
3.2	Enumerator::ArithmeticSequence
3.2	Enumerator::Chain
3.2	Enumerator::Generator
3.2	Enumerator::Lazy
3.2	Enumerator::Yielder
3.2	Errno
3.2	Errno::E2BIG
3.2	Errno::EACCES
3.2	Errno::EADDRINUSE
3.2	Errno::EADDRNOTAVAIL
3.2	Errno::EADV
3.2	Errno::EAFNOSUPPORT
3.2	Errno::EAGAIN
3.2	Errno::EALREADY
3.2	Errno::EAUTH
3.2	Errno::EBADE
3.2	Errno::EBADF
3.2	Errno::EBADFD
3.2	Errno::EBADMSG
3.2	Errno::EBADR
3.2	Errno::EBADRPC
3.2	Errno::EBADRQC
3.2	Errno::EBADSLT
3.2	Errno::EBFONT
3.2	Errno::EBUSY
3.2	Errno::ECANCELED
3.2	Errno::ECAPMODE
3.2	Errno::ECHILD
3.2	Errno::ECHRNG
3.2	Errno::ECOMM
3.2	Errno::ECONNABORTED
3.2	Errno::ECONNREFUSED
3.2	Errno::ECONNRESET
3.2	Errno::EDEADLK
3.2	Errno::EDEADLOCK
3.2	Errno::EDESTADDRREQ
3.2	Errno::EDOM
3.2	Errno::EDOOFUS
3.2	Errno::EDOTDOT
3.2	Errno::EDQUOT
3.2	Errno::EEXIST
3.2	Errno::EFAULT
3.2	Errno::EFBIG
3.2	Errno::EFTYPE
3.2	Errno::EHOSTDOWN
3.2	Errno::EHOSTUNREACH
3.2	Errno::EHWPOISON
3.2	Errno::EIDRM
3.2	Errno::EILSEQ
3.2	Errno::EINPROGRESS
3.2	Errno::EINTR
3.2	Errno::EINVAL
3.2	Errno::EIO
3.2	Errno::EIPSEC
3.2	Errno::EISCONN
3.2	Errno::EISDIR
3.2	Errno::EISNAM
3.2	Errno::EKEYEXPIRED
3.2	Errno::EKEYREJECTED
3.2	Errno::EKEYREVOKED
3.2	Errno::EL2HLT
3.2	Errno::EL2NSYNC
3.2	Errno::EL3HLT
3.2	Errno::EL3RST
3.2	Errno::ELIBACC
3.2	Errno::ELIBBAD
3.2	Errno::ELIBEXEC
3.2	Errno::ELIBMAX
3.2	Errno::ELIBSCN
3.2	Errno::ELNRNG
3.2	Errno::ELOOP
3.2	Errno::EMEDIUMTYPE
3.2	Errno::EMFILE
3.2	Errno::EMLINK
3.2	Errno::EMSGSIZE
3.2	Errno::EMULTIHOP
3.2	Errno::ENAMETOOLONG
3.2	Errno::ENAVAIL
3.2	Errno::ENEEDAUTH
3.2	Errno::ENETDOWN
3.2	Errno::ENETRESET
3.2	Errno::ENETUNREACH
3.2	Errno::ENFILE
3.2	Errno::ENOANO
3.2	Errno::ENOATTR
3.2	Errno::ENOBUFS
3.2	Errno::ENOCSI
3.2	Errno::ENODATA
3.2	Errno::ENODEV
3.2	Errno::ENOENT
3.2	Errno::ENOEXEC
3.2	Errno::ENOKEY
3.2	Errno::ENOLCK
3.2	Errno::ENOLINK
3.2	Errno::ENOMEDIUM
3.2	Errno::ENOMEM
3.2	Errno::ENOMSG
3.2	Errno::ENONET
3.2	Errno::ENOPKG
3.2	Errno::ENOPROTOOPT
3.2	Errno::ENOSPC
3.2	Errno::ENOSR
3.2	Errno::ENOSTR
3.2	Errno::ENOSYS
3.2	Errno::ENOTBLK
3.2	Errno::ENOTCAPABLE
3.2	Errno::ENOTCONN
3.2	Errno::ENOTDIR
3.2	Errno::ENOTEMPTY
3.2	Errno::ENOTNAM
3.2	Errno::ENOTRECOVERABLE
3.2	Errno::ENOTSOCK
3.2	Errno::ENOTSUP
3.2	Errno::ENOTTY
3.2	Errno::ENOTUNIQ
3.2	Errno::ENXIO
3.2	Errno::EOPNOTSUPP
3.2	Errno::EOVERFLOW
3.2	Errno::EOWNERDEAD
3.2	Errno::EPERM
3.2	Errno::EPFNOSUPPORT
3.2	Errno::EPIPE
3.2	Errno::EPROCLIM
3.2	Errno::EPROCUNAVAIL
3.2	Errno::EPROGMISMATCH
3.2	Errno::EPROGUNAVAIL
3.2	Errno::EPROTO
3.2	Errno::EPROTONOSUPPORT
3.2	Errno::EPROTOTYPE
3.2	Errno::ERANGE
3.2	Errno::EREMCHG
3.2	Errno::EREMOTE
3.2	Errno::EREMOTEIO
3.2	Errno::ERESTART
3.2	Errno::ERFKILL
3.2	Errno::EROFS
3.2	Errno::ERPCMISMATCH
3.2	Errno::ESHUTDOWN
3.2	Errno::ESOCKTNOSUPPORT
3.2	Errno::ESPIPE
3.2	Errno::ESRCH
3.2	Errno::ESRMNT
3.2	Errno::ESTALE
3.2	Errno::ESTRPIPE
3.2	Errno::ETIME
3.2	Errno::ETIMEDOUT
3.2	Errno::ETOOMANYREFS
3.2	Errno::ETXTBSY
3.2	Errno::EUCLEAN
3.2	Errno::EUNATCH
3.2	Errno::EUSERS
3.2	Errno::EWOULDBLOCK
3.2	Errno::EXDEV
3.2	Errno::EXFULL
3.2	Errno::EXXX
3.2	Errno::NOERROR
3.2	Exception
3.2	FalseClass
3.2	Fiber
3.2	FiberError
3.2	File
3.2	File::Constants
3.2	File::Stat
3.2	FileTest
3.2	Float
3.2	FloatDomainError
3.2	FrozenError
3.2	GC
3.2	GC::Profiler
3.2	Hash
3.2	IO
3.2	IO::EAGAINWaitReadable
3.2	IO::EAGAINWaitWritable
3.2	IO::EINPROGRESSWaitReadable
3.2	IO::EINPROGRESSWaitWritable
3.2	IO::WaitReadable
3.2	IO::WaitWritable
3.2	IOError
3.2	IndexError
3.2	Integer
3.2	Interrupt
3.2	Kernel
3.2	KeyError
3.2	LoadError
3.2	LocalJumpError
3.2	Marshal
3.2	MatchData
3.2	Math
3.2	Math::DomainError
3.2	Method
3.2	Module
3.2	Mutex
3.2	NameError
3.2	NilClass
3.2	NoMatchingPatternError
3.2	NoMemoryError
3.2	NoMethodError
3.2	NotImplementedError
3.2	Numeric
3.2	Object
3.2	ObjectSpace
3.2	ObjectSpace::WeakMap
3.2	Proc
3.2	Process
3.2	Process::GID
3.2	Process::Status
3.2	Process::Sys
3.2	Process::Tms
3.2	Process::UID
3.2	Process::Waiter
3.2	Queue
3.2	Ractor
3.2	Ractor::MovedObject
3.2	Random
3.2	Random::Formatter
3.2	Range
3.2	RangeError
3.2	Rational
3.2	Refinement
3.2	Regexp
3.2	RegexpError
3.2	RubyVM
3.2	RubyVM::AbstractSyntaxTree
3.2	RubyVM::AbstractSyntaxTree::Node
3.2	RubyVM::InstructionSequence
3.2	RubyVM::MJIT
3.2	RubyVM::YJIT
3.2	RuntimeError
3.2	ScriptError
3.2	SecurityError
3.2	Set
3.2	Signal
3.2	SignalException
3.2	SizedQueue
3.2	StandardError
3.2	StopIteration
3.2	String
3.2	Struct
3.2	Symbol
3.2	SyntaxError
3.2	SystemCallError
3.2	SystemExit
3.2	SystemStackError
3.2	Thread
3.2	Thread::Backtrace::Location
3.2	Thread::ConditionVariable
3.2	Thread::Mutex
3.2	Thread::Queue
3.2	Thread::SizedQueue
3.2	ThreadError
3.2	ThreadGroup
3.2	Time
3.2	TracePoint
3.2	TrueClass
3.2	TypeError
3.2	UnboundMethod
3.2	UncaughtThrowError
3.2	Warning
3.2	ZeroDivisionError
3.2	fatal
3.2	main
3.3	ARGF
3.3	ARGF.class
3.3	ArgumentError
3.3	Array
3.3	BasicObject
3.3	Binding
3.3	Class
3.3	ClosedQueueError
3.3	Comparable
3.3	Complex
3.3	ConditionVariable
3.3	Data
3.3	Dir
3.3	ENV
3.3	EOFError
3.3	Encoding
3.3	Encoding::CompatibilityError
3.3	Encoding::Converter
3.3	Encoding::ConverterNotFoundError
3.3	Encoding::InvalidByteSequenceError
3.3	Encoding::UndefinedConversionError
3.3	EncodingError
3.3	Enumerable
3.3	Enumerator
3.3	Enumerator::ArithmeticSequence
3.3	Enumerator::Chain
3.3	Enumerator::Generator
3.3	Enumerator::Lazy
3.3	Enumerator::Yielder
3.3	Errno
3.3	Errno::E2BIG
3.3	Errno::EACCES
3.3	Errno::EADDRINUSE
3.3	Errno::EADDRNOTAVAIL
3.3	Errno::EADV
3.3	Errno::EAFNOSUPPORT
3.3	Errno::EAGAIN
3.3	Errno::EALREADY
3.3	Errno::EAUTH
3.3	Errno::EBADE
3.3	Errno::EBADF
3.3	Errno::EBADFD
3.3	Errno::EBADMSG
3.3	Errno::EBADR
3.3	Errno::EBADRPC
3.3	Errno::EBADRQC
3.3	Errno::EBADSLT
3.3	Errno::EBFONT
3.3	Errno::EBUSY
3.3	Errno::ECANCELED
3.3	Errno::ECAPMODE
3.3	Errno::ECHILD
3.3	Errno::ECHRNG
3.3	Errno::ECOMM
3.3	Errno::ECONNABORTED
3.3	Errno::ECONNREFUSED
3.3	Errno::ECONNRESET
3.3	Errno::EDEADLK
3.3	Errno::EDEADLOCK
3.3	Errno::EDESTADDRREQ
3.3	Errno::EDOM
3.3	Errno::EDOOFUS
3.3	Errno::EDOTDOT
3.3	Errno::EDQUOT
3.3	Errno::EEXIST
3.3	Errno::EFAULT
3.3	Errno::EFBIG
3.3	Errno::EFTYPE
3.3	Errno::EHOSTDOWN
3.3	Errno::EHOSTUNREACH
3.3	Errno::EHWPOISON
3.3	Errno::EIDRM
3.3	Errno::EILSEQ
3.3	Errno::EINPROGRESS
3.3	Errno::EINTR
3.3	Errno::EINVAL
3.3	Errno::EIO
3.3	Errno::EIPSEC
3.3	Errno::EISCONN
3.3	Errno::EISDIR
3.3	Errno::EISNAM
3.3	Errno::EKEYEXPIRED
3.3	Errno::EKEYREJECTED
3.3	Errno::EKEYREVOKED
3.3	Errno::EL2HLT
3.3	Errno::EL2NSYNC
3.3	Errno::EL3HLT
3.3	Errno::EL3RST
3.3	Errno::ELIBACC
3.3	Errno::ELIBBAD
3.3	Errno::ELIBEXEC
3.3	Errno::ELIBMAX
3.3	Errno::ELIBSCN
3.3	Errno::ELNRNG
3.3	Errno::ELOOP
3.3	Errno::EMEDIUMTYPE
3.3	Errno::EMFILE
3.3	Errno::EMLINK
3.3	Errno::EMSGSIZE
3.3	Errno::EMULTIHOP
3.3	Errno::ENAMETOOLONG
3.3	Errno::ENAVAIL
3.3	Errno::ENEEDAUTH
3.3	Errno::ENETDOWN
3.3	Errno::ENETRESET
3.3	Errno::ENETUNREACH
3.3	Errno::ENFILE
3.3	Errno::ENOANO
3.3	Errno::ENOATTR
3.3	Errno::ENOBUFS
3.3	Errno::ENOCSI
3.3	Errno::ENODATA
3.3	Errno::ENODEV
3.3	Errno::ENOENT
3.3	Errno::ENOEXEC
3.3	Errno::ENOKEY
3.3	Errno::ENOLCK
3.3	Errno::ENOLINK
3.3	Errno::ENOMEDIUM
3.3	Errno::ENOMEM
3.3	Errno::ENOMSG
3.3	Errno::ENONET
3.3	Errno::ENOPKG
3.3	Errno::ENOPROTOOPT
3.3	Errno::ENOSPC
3.3	Errno::ENOSR
3.3	Errno::ENOSTR
3.3	Errno::ENOSYS
3.3	Errno::ENOTBLK
3.3	Errno::ENOTCAPABLE
3.3	Errno::ENOTCONN
3.3	Errno::ENOTDIR
3.3	Errno::ENOTEMPTY
3.3	Errno::ENOTNAM
3.3	Errno::ENOTRECOVERABLE
3.3	Errno::ENOTSOCK
3.3	Errno::ENOTSUP
3.3	Errno::ENOTTY
3.3	Errno::ENOTUNIQ
3.3	Errno::ENXIO
3.3	Errno::EOPNOTSUPP
3.3	Errno::EOVERFLOW
3.3	Errno::EOWNERDEAD
3.3	Errno::EPERM
3.3	Errno::EPFNOSUPPORT
3.3	Errno::EPIPE
3.3	Errno::EPROCLIM
3.3	Errno::EPROCUNAVAIL
3.3	Errno::EPROGMISMATCH
3.3	Errno::EPROGUNAVAIL
3.3	Errno::EPROTO
3.3	Errno::EPROTONOSUPPORT
3.3	Errno::EPROTOTYPE
3.3	Errno::ERANGE
3.3	Errno::EREMCHG
3.3	Errno::EREMOTE
3.3	Errno::EREMOTEIO
3.3	Errno::ERESTART
3.3	Errno::ERFKILL
3.3	Errno::EROFS
3.3	Errno::ERPCMISMATCH
3.3	Errno::ESHUTDOWN
3.3	Errno::ESOCKTNOSUPPORT
3.3	Errno::ESPIPE
3.3	Errno::ESRCH
3.3	Errno::ESRMNT
3.3	Errno::ESTALE
3.3	Errno::ESTRPIPE
3.3	Errno::ETIME
3.3	Errno::ETIMEDOUT
3.3	Errno::ETOOMANYREFS
3.3	Errno::ETXTBSY
3.3	Errno::EUCLEAN
3.3	Errno::EUNATCH
3.3	Errno::EUSERS
3.3	Errno::EWOULDBLOCK
3.3	Errno::EXDEV
3.3	Errno::EXFULL
3.3	Errno::EXXX
3.3	Errno::NOERROR
3.3	Exception
3.3	FalseClass
3.3	Fiber
3.3	FiberError
3.3	File
3.3	File::Constants
3.3	File::Stat
3.3	FileTest
3.3	Float
3.3	FloatDomainError
3.3	FrozenError
3.3	GC
3.3	GC::Profiler
3.3	Hash
3.3	IO
3.3	IO::EAGAINWaitReadable
3.3	IO::EAGAINWaitWritable
3.3	IO::EINPROGRESSWaitReadable
3.3	IO::EINPROGRESSWaitWritable
3.3	IO::WaitReadable
3.3	IO::WaitWritable
3.3	IOError
3.3	IndexError
3.3	Integer
3.3	Interrupt
3.3	Kernel
3.3	KeyError
3.3	LoadError
3.3	LocalJumpError
3.3	Marshal
3.3	MatchData
3.3	Math
3.3	Math::DomainError
3.3	Method
3.3	Module
3.3	Mutex
3.3	NameError
3.3	NilClass
3.3	NoMatchingPatternError
3.3	NoMemoryError
3.3	NoMethodError
3.3	NotImplementedError
3.3	Numeric
3.3	Object
3.3	ObjectSpace
3.3	ObjectSpace::WeakMap
3.3	Proc
3.3	Process
3.3	Process::GID
3.3	Process::Status
3.3	Process::Sys
3.3	Process::Tms
3.3	Process::UID
3.3	Process::Waiter
3.3	Queue
3.3	Ractor
3.3	Ractor::MovedObject
3.3	Random
3.3	Random::Formatter
3.3	Range
3.3	RangeError
3.3	Rational
3.3	Refinement
3.3	Regexp
3.3	RegexpError
3.3	RubyVM
3.3	RubyVM::AbstractSyntaxTree
3.3	RubyVM::AbstractSyntaxTree::Node
3.3	RubyVM::InstructionSequence
3.3	RubyVM::YJIT
3.3	RuntimeError
3.3	ScriptError
3.3	SecurityError
3.3	Set
3.3	Signal
3.3	SignalException
3.3	SizedQueue
3.3	StandardError
3.3	StopIteration
3.3	String
3.3	Struct
3.3	Symbol
3.3	SyntaxError
3.3	SystemCallError
3.3	SystemExit
3.3	SystemStackError
3.3	Thread
3.3	Thread::Backtrace::Location
3.3	Thread::ConditionVariable
3.3	Thread::Mutex
3.3	Thread::Queue
3.3	Thread::SizedQueue
3.3	ThreadError
3.3	ThreadGroup
3.3	Time
3.3	TracePoint
3.3	TrueClass
3.3	TypeError
3.3	UnboundMethod
3.3	UncaughtThrowError
3.3	Warning
3.3	ZeroDivisionError
3.3	fatal
3.3	main
3.4	ARGF
3.4	ARGF.class
3.4	ArgumentError
3.4	Array
3.4	BasicObject
3.4	Binding
3.4	Class
3.4	ClosedQueueError
3.4	Comparable
3.4	Complex
3.4	ConditionVariable
3.4	Data
3.4	Dir
3.4	ENV
3.4	EOFError
3.4	Encoding
3.4	Encoding::CompatibilityError
3.4	Encoding::Converter
3.4	Encoding::ConverterNotFoundError
3.4	Encoding::InvalidByteSequenceError
3.4	Encoding::UndefinedConversionError
3.4	EncodingError
3.4	Enumerable
3.4	Enumerator
3.4	Enumerator::ArithmeticSequence
3.4	Enumerator::Chain
3.4	Enumerator::Generator
3.4	Enumerator::Lazy
3.4	Enumerator::Yielder
3.4	Errno
3.4	Errno::E2BIG
3.4	Errno::EACCES
3.4	Errno::EADDRINUSE
3.4	Errno::EADDRNOTAVAIL
3.4	Errno::EADV
3.4	Errno::EAFNOSUPPORT
3.4	Errno::EAGAIN
3.4	Errno::EALREADY
3.4	Errno::EAUTH
3.4	Errno::EBADE
3.4	Errno::EBADF
3.4	Errno::EBADFD
3.4	Errno::EBADMSG
3.4	Errno::EBADR
3.4	Errno::EBADRPC
3.4	Errno::EBADRQC
3.4	Errno::EBADSLT
3.4	Errno::EBFONT
3.4	Errno::EBUSY
3.4	Errno::ECANCELED
3.4	Errno::ECAPMODE
3.4	Errno::ECHILD
3.4	Errno::ECHRNG
3.4	Errno::ECOMM
3.4	Errno::ECONNABORTED
3.4	Errno::ECONNREFUSED
3.4	Errno::ECONNRESET
3.4	Errno::EDEADLK
3.4	Errno::EDEADLOCK
3.4	Errno::EDESTADDRREQ
3.4	Errno::EDOM
3.4	Errno::EDOOFUS
3.4	Errno::EDOTDOT
3.4	Errno::EDQUOT
3.4	Errno::EEXIST
3.4	Errno::EFAULT
3.4	Errno::EFBIG
3.4	Errno::EFTYPE
3.4	Errno::EHOSTDOWN
3.4	Errno::EHOSTUNREACH
3.4	Errno::EHWPOISON
3.4	Errno::EIDRM
3.4	Errno::EILSEQ
3.4	Errno::EINPROGRESS
3.4	Errno::EINTR
3.4	Errno::EINVAL
3.4	Errno::EIO
3.4	Errno::EIPSEC
3.4	Errno::EISCONN
3.4	Errno::EISDIR
3.4	Errno::EISNAM
3.4	Errno::EKEYEXPIRED
3.4	Errno::EKEYREJECTED
3.4	Errno::EKEYREVOKED
3.4	Errno::EL2HLT
3.4	Errno::EL2NSYNC
3.4	Errno::EL3HLT
3.4	Errno::EL3RST
3.4	Errno::ELIBACC
3.4	Errno::ELIBBAD
3.4	Errno::ELIBEXEC
3.4	Errno::ELIBMAX
3.4	Errno::ELIBSCN
3.4	Errno::ELNRNG
3.4	Errno::ELOOP
3.4	Errno::EMEDIUMTYPE
3.4	Errno::EMFILE
3.4	Errno::EMLINK
3.4	Errno::EMSGSIZE
3.4	Errno::EMULTIHOP
3.4	Errno::ENAMETOOLONG
3.4	Errno::ENAVAIL
3.4	Errno::ENEEDAUTH
3.4	Errno::ENETDOWN
3.4	Errno::ENETRESET
3.4	Errno::ENETUNREACH
3.4	Errno::ENFILE
3.4	Errno::ENOANO
3.4	Errno::ENOATTR
3.4	Errno::ENOBUFS
3.4	Errno::ENOCSI
3.4	Errno::ENODATA
3.4	Errno::ENODEV
3.4	Errno::ENOENT
3.4	Errno::ENOEXEC
3.4	Errno::ENOKEY
3.4	Errno::ENOLCK
3.4	Errno::ENOLINK
3.4	Errno::ENOMEDIUM
3.4	Errno::ENOMEM
3.4	Errno::ENOMSG
3.4	Errno::ENONET
3.4	Errno::ENOPKG
3.4	Errno::ENOPROTOOPT
3.4	Errno::ENOSPC
3.4	Errno::ENOSR
3.4	Errno::ENOSTR
3.4	Errno::ENOSYS
3.4	Errno::ENOTBLK
3.4	Errno::ENOTCAPABLE
3.4	Errno::ENOTCONN
3.4	Errno::ENOTDIR
3.4	Errno::ENOTEMPTY
3.4	Errno::ENOTNAM
3.4	Errno::ENOTRECOVERABLE
3.4	Errno::ENOTSOCK
3.4	Errno::ENOTSUP
3.4	Errno::ENOTTY
3.4	Errno::ENOTUNIQ
3.4	Errno::ENXIO
3.4	Errno::EOPNOTSUPP
3.4	Errno::EOVERFLOW
3.4	Errno::EOWNERDEAD
3.4	Errno::EPERM
3.4	Errno::EPFNOSUPPORT
3.4	Errno::EPIPE
3.4	Errno::EPROCLIM
3.4	Errno::EPROCUNAVAIL
3.4	Errno::EPROGMISMATCH
3.4	Errno::EPROGUNAVAIL
3.4	Errno::EPROTO
3.4	Errno::EPROTONOSUPPORT
3.4	Errno::EPROTOTYPE
3.4	Errno::ERANGE
3.4	Errno::EREMCHG
3.4	Errno::EREMOTE
3.4	Errno::EREMOTEIO
3.4	Errno::ERESTART
3.4	Errno::ERFKILL
3.4	Errno::EROFS
3.4	Errno::ERPCMISMATCH
3.4	Errno::ESHUTDOWN
3.4	Errno::ESOCKTNOSUPPORT
3.4	Errno::ESPIPE
3.4	Errno::ESRCH
3.4	Errno::ESRMNT
3.4	Errno::ESTALE
3.4	Errno::ESTRPIPE
3.4	Errno::ETIME
3.4	Errno::ETIMEDOUT
3.4	Errno::ETOOMANYREFS
3.4	Errno::ETXTBSY
3.4	Errno::EUCLEAN
3.4	Errno::EUNATCH
3.4	Errno::EUSERS
3.4	Errno::EWOULDBLOCK
3.4	Errno::EXDEV
3.4	Errno::EXFULL
3.4	Errno::EXXX
3.4	Errno::NOERROR
3.4	Exception
3.4	FalseClass
3.4	Fiber
3.4	FiberError
3.4	File
3.4	File::Constants
3.4	File::Stat
3.4	FileTest
3.4	Float
3.4	FloatDomainError
3.4	FrozenError
3.4	GC
3.4	GC::Profiler
3.4	Hash
3.4	IO
3.4	IO::EAGAINWaitReadable
3.4	IO::EAGAINWaitWritable
3.4	IO::EINPROGRESSWaitReadable
3.4	IO::EINPROGRESSWaitWritable
3.4	IO::WaitReadable
3.4	IO::WaitWritable
3.4	IOError
3.4	IndexError
3.4	Integer
3.4	Interrupt
3.4	Kernel
3.4	KeyError
3.4	LoadError
3.4	LocalJumpError
3.4	Marshal
3.4	MatchData
3.4	Math
3.4	Math::DomainError
3.4	Method
3.4	Module
3.4	Mutex
3.4	NameError
3.4	NilClass
3.4	NoMatchingPatternError
3.4	NoMemoryError
3.4	NoMethodError
3.4	NotImplementedError
3.4	Numeric
3.4	Object
3.4	ObjectSpace
3.4	ObjectSpace::WeakMap
3.4	Proc
3.4	Process
3.4	Process::GID
3.4	Process::Status
3.4	Process::Sys
3.4	Process::Tms
3.4	Process::UID
3.4	Process::Waiter
3.4	Queue
3.4	Ractor
3.4	Ractor::MovedObject
3.4	Random
3.4	Random::Formatter
3.4	Range
3.4	RangeError
3.4	Rational
3.4	Refinement
3.4	Regexp
3.4	RegexpError
3.4	RubyVM
3.4	RubyVM::AbstractSyntaxTree
3.4	RubyVM::AbstractSyntaxTree::Node
3.4	RubyVM::InstructionSequence
3.4	RubyVM::YJIT
3.4	RuntimeError
3.4	ScriptError
3.4	SecurityError
3.4	Set
3.4	Signal
3.4	SignalException
3.4	SizedQueue
3.4	StandardError
3.4	StopIteration
3.4	String
3.4	Struct
3.4	Symbol
3.4	SyntaxError
3.4	SystemCallError
3.4	SystemExit
3.4	SystemStackError
3.4	Thread
3.4	Thread::Backtrace::Location
3.4	Thread::ConditionVariable
3.4	Thread::Mutex
3.4	Thread::Queue
3.4	Thread::SizedQueue
3.4	ThreadError
3.4	ThreadGroup
3.4	Time
3.4	TracePoint
3.4	TrueClass
3.4	TypeError
3.4	UnboundMethod
3.4	UncaughtThrowError
3.4	Warning
3.4	ZeroDivisionError
3.4	fatal
3.4	main
4.0	ARGF
4.0	ARGF.class
4.0	ArgumentError
4.0	Array
4.0	BasicObject
4.0	Binding
4.0	Class
4.0	ClosedQueueError
4.0	Comparable
4.0	Complex
4.0	ConditionVariable
4.0	Data
4.0	Dir
4.0	ENV
4.0	EOFError
4.0	Encoding
4.0	Encoding::CompatibilityError
4.0	Encoding::Converter
4.0	Encoding::ConverterNotFoundError
4.0	Encoding::InvalidByteSequenceError
4.0	Encoding::UndefinedConversionError
4.0	EncodingError
4.0	Enumerable
4.0	Enumerator
4.0	Enumerator::ArithmeticSequence
4.0	Enumerator::Chain
4.0	Enumerator::Generator
4.0	Enumerator::Lazy
4.0	Enumerator::Yielder
4.0	Errno
4.0	Errno::E2BIG
4.0	Errno::EACCES
4.0	Errno::EADDRINUSE
4.0	Errno::EADDRNOTAVAIL
4.0	Errno::EADV
4.0	Errno::EAFNOSUPPORT
4.0	Errno::EAGAIN
4.0	Errno::EALREADY
4.0	Errno::EAUTH
4.0	Errno::EBADE
4.0	Errno::EBADF
4.0	Errno::EBADFD
4.0	Errno::EBADMSG
4.0	Errno::EBADR
4.0	Errno::EBADRPC
4.0	Errno::EBADRQC
4.0	Errno::EBADSLT
4.0	Errno::EBFONT
4.0	Errno::EBUSY
4.0	Errno::ECANCELED
4.0	Errno::ECAPMODE
4.0	Errno::ECHILD
4.0	Errno::ECHRNG
4.0	Errno::ECOMM
4.0	Errno::ECONNABORTED
4.0	Errno::ECONNREFUSED
4.0	Errno::ECONNRESET
4.0	Errno::EDEADLK
4.0	Errno::EDEADLOCK
4.0	Errno::EDESTADDRREQ
4.0	Errno::EDOM
4.0	Errno::EDOOFUS
4.0	Errno::EDOTDOT
4.0	Errno::EDQUOT
4.0	Errno::EEXIST
4.0	Errno::EFAULT
4.0	Errno::EFBIG
4.0	Errno::EFTYPE
4.0	Errno::EHOSTDOWN
4.0	Errno::EHOSTUNREACH
4.0	Errno::EHWPOISON
4.0	Errno::EIDRM
4.0	Errno::EILSEQ
4.0	Errno::EINPROGRESS
4.0	Errno::EINTR
4.0	Errno::EINVAL
4.0	Errno::EIO
4.0	Errno::EIPSEC
4.0	Errno::EISCONN
4.0	Errno::EISDIR
4.0	Errno::EISNAM
4.0	Errno::EKEYEXPIRED
4.0	Errno::EKEYREJECTED
4.0	Errno::EKEYREVOKED
4.0	Errno::EL2HLT
4.0	Errno::EL2NSYNC
4.0	Errno::EL3HLT
4.0	Errno::EL3RST
4.0	Errno::ELIBACC
4.0	Errno::ELIBBAD
4.0	Errno::ELIBEXEC
4.0	Errno::ELIBMAX
4.0	Errno::ELIBSCN
4.0	Errno::ELNRNG
4.0	Errno::ELOOP
4.0	Errno::EMEDIUMTYPE
4.0	Errno::EMFILE
4.0	Errno::EMLINK
4.0	Errno::EMSGSIZE
4.0	Errno::EMULTIHOP
4.0	Errno::ENAMETOOLONG
4.0	Errno::ENAVAIL
4.0	Errno::ENEEDAUTH
4.0	Errno::ENETDOWN
4.0	Errno::ENETRESET
4.0	Errno::ENETUNREACH
4.0	Errno::ENFILE
4.0	Errno::ENOANO
4.0	Errno::ENOATTR
4.0	Errno::ENOBUFS
4.0	Errno::ENOCSI
4.0	Errno::ENODATA
4.0	Errno::ENODEV
4.0	Errno::ENOENT
4.0	Errno::ENOEXEC
4.0	Errno::ENOKEY
4.0	Errno::ENOLCK
4.0	Errno::ENOLINK
4.0	Errno::ENOMEDIUM
4.0	Errno::ENOMEM
4.0	Errno::ENOMSG
4.0	Errno::ENONET
4.0	Errno::ENOPKG
4.0	Errno::ENOPROTOOPT
4.0	Errno::ENOSPC
4.0	Errno::ENOSR
4.0	Errno::ENOSTR
4.0	Errno::ENOSYS
4.0	Errno::ENOTBLK
4.0	Errno::ENOTCAPABLE
4.0	Errno::ENOTCONN
4.0	Errno::ENOTDIR
4.0	Errno::ENOTEMPTY
4.0	Errno::ENOTNAM
4.0	Errno::ENOTRECOVERABLE
4.0	Errno::ENOTSOCK
4.0	Errno::ENOTSUP
4.0	Errno::ENOTTY
4.0	Errno::ENOTUNIQ
4.0	Errno::ENXIO
4.0	Errno::EOPNOTSUPP
4.0	Errno::EOVERFLOW
4.0	Errno::EOWNERDEAD
4.0	Errno::EPERM
4.0	Errno::EPFNOSUPPORT
4.0	Errno::EPIPE
4.0	Errno::EPROCLIM
4.0	Errno::EPROCUNAVAIL
4.0	Errno::EPROGMISMATCH
4.0	Errno::EPROGUNAVAIL
4.0	Errno::EPROTO
4.0	Errno::EPROTONOSUPPORT
4.0	Errno::EPROTOTYPE
4.0	Errno::ERANGE
4.0	Errno::EREMCHG
4.0	Errno::EREMOTE
4.0	Errno::EREMOTEIO
4.0	Errno::ERESTART
4.0	Errno::ERFKILL
4.0	Errno::EROFS
4.0	Errno::ERPCMISMATCH
4.0	Errno::ESHUTDOWN
4.0	Errno::ESOCKTNOSUPPORT
4.0	Errno::ESPIPE
4.0	Errno::ESRCH
4.0	Errno::ESRMNT
4.0	Errno::ESTALE
4.0	Errno::ESTRPIPE
4.0	Errno::ETIME
4.0	Errno::ETIMEDOUT
4.0	Errno::ETOOMANYREFS
4.0	Errno::ETXTBSY
4.0	Errno::EUCLEAN
4.0	Errno::EUNATCH
4.0	Errno::EUSERS
4.0	Errno::EWOULDBLOCK
4.0	Errno::EXDEV
4.0	Errno::EXFULL
4.0	Errno::EXXX
4.0	Errno::NOERROR
4.0	Exception
4.0	FalseClass
4.0	Fiber
4.0	FiberError
4.0	File
4.0	File::Constants
4.0	File::Stat
4.0	FileTest
4.0	Float
4.0	FloatDomainError
4.0	FrozenError
4.0	GC
4.0	GC::Profiler
4.0	Hash
4.0	IO
4.0	IO::EAGAINWaitReadable
4.0	IO::EAGAINWaitWritable
4.0	IO::EINPROGRESSWaitReadable
4.0	IO::EINPROGRESSWaitWritable
4.0	IO::WaitReadable
4.0	IO::WaitWritable
4.0	IOError
4.0	IndexError
4.0	Integer
4.0	Interrupt
4.0	Kernel
4.0	KeyError
4.0	LoadError
4.0	LocalJumpError
4.0	Marshal
4.0	MatchData
4.0	Math
4.0	Math::DomainError
4.0	Method
4.0	Module
4.0	Mutex
4.0	NameError
4.0	NilClass
4.0	NoMatchingPatternError
4.0	NoMemoryError
4.0	NoMethodError
4.0	NotImplementedError
4.0	Numeric
4.0	Object
4.0	ObjectSpace
4.0	ObjectSpace::WeakMap
4.0	Proc
4.0	Process
4.0	Process::GID
4.0	Process::Status
4.0	Process::Sys
4.0	Process::Tms
4.0	Process::UID
4.0	Process::Waiter
4.0	Queue
4.0	Ractor
4.0	Ractor::MovedObject
4.0	Ractor::Port
4.0	Random
4.0	Random::Formatter
4.0	Range
4.0	RangeError
4.0	Rational
4.0	Refinement
4.0	Regexp
4.0	RegexpError
4.0	RubyVM
4.0	RubyVM::AbstractSyntaxTree
4.0	RubyVM::AbstractSyntaxTree::Node
4.0	RubyVM::InstructionSequence
4.0	RubyVM::YJIT
4.0	RuntimeError
4.0	ScriptError
4.0	SecurityError
4.0	Set
4.0	Signal
4.0	SignalException
4.0	SizedQueue
4.0	StandardError
4.0	StopIteration
4.0	String
4.0	Struct
4.0	Symbol
4.0	SyntaxError
4.0	SystemCallError
4.0	SystemExit
4.0	SystemStackError
4.0	Thread
4.0	Thread::Backtrace::Location
4.0	Thread::ConditionVariable
4.0	Thread::Mutex
4.0	Thread::Queue
4.0	Thread::SizedQueue
4.0	ThreadError
4.0	ThreadGroup
4.0	Time
4.0	TracePoint
4.0	TrueClass
4.0	TypeError
4.0	UnboundMethod
4.0	UncaughtThrowError
4.0	Warning
4.0	ZeroDivisionError
4.0	fatal
4.0	main
4.1	ARGF
4.1	ARGF.class
4.1	ArgumentError
4.1	Array
4.1	BasicObject
4.1	Binding
4.1	Class
4.1	ClosedQueueError
4.1	Comparable
4.1	Complex
4.1	ConditionVariable
4.1	Data
4.1	Dir
4.1	ENV
4.1	EOFError
4.1	Encoding
4.1	Encoding::CompatibilityError
4.1	Encoding::Converter
4.1	Encoding::ConverterNotFoundError
4.1	Encoding::InvalidByteSequenceError
4.1	Encoding::UndefinedConversionError
4.1	EncodingError
4.1	Enumerable
4.1	Enumerator
4.1	Enumerator::ArithmeticSequence
4.1	Enumerator::Chain
4.1	Enumerator::Generator
4.1	Enumerator::Lazy
4.1	Enumerator::Yielder
4.1	Errno
4.1	Errno::E2BIG
4.1	Errno::EACCES
4.1	Errno::EADDRINUSE
4.1	Errno::EADDRNOTAVAIL
4.1	Errno::EADV
4.1	Errno::EAFNOSUPPORT
4.1	Errno::EAGAIN
4.1	Errno::EALREADY
4.1	Errno::EAUTH
4.1	Errno::EBADE
4.1	Errno::EBADF
4.1	Errno::EBADFD
4.1	Errno::EBADMSG
4.1	Errno::EBADR
4.1	Errno::EBADRPC
4.1	Errno::EBADRQC
4.1	Errno::EBADSLT
4.1	Errno::EBFONT
4.1	Errno::EBUSY
4.1	Errno::ECANCELED
4.1	Errno::ECAPMODE
4.1	Errno::ECHILD
4.1	Errno::ECHRNG
4.1	Errno::ECOMM
4.1	Errno::ECONNABORTED
4.1	Errno::ECONNREFUSED
4.1	Errno::ECONNRESET
4.1	Errno::EDEADLK
4.1	Errno::EDEADLOCK
4.1	Errno::EDESTADDRREQ
4.1	Errno::EDOM
4.1	Errno::EDOOFUS
4.1	Errno::EDOTDOT
4.1	Errno::EDQUOT
4.1	Errno::EEXIST
4.1	Errno::EFAULT
4.1	Errno::EFBIG
4.1	Errno::EFTYPE
4.1	Errno::EHOSTDOWN
4.1	Errno::EHOSTUNREACH
4.1	Errno::EHWPOISON
4.1	Errno::EIDRM
4.1	Errno::EILSEQ
4.1	Errno::EINPROGRESS
4.1	Errno::EINTR
4.1	Errno::EINVAL
4.1	Errno::EIO
4.1	Errno::EIPSEC
4.1	Errno::EISCONN
4.1	Errno::EISDIR
4.1	Errno::EISNAM
4.1	Errno::EKEYEXPIRED
4.1	Errno::EKEYREJECTED
4.1	Errno::EKEYREVOKED
4.1	Errno::EL2HLT
4.1	Errno::EL2NSYNC
4.1	Errno::EL3HLT
4.1	Errno::EL3RST
4.1	Errno::ELIBACC
4.1	Errno::ELIBBAD
4.1	Errno::ELIBEXEC
4.1	Errno::ELIBMAX
4.1	Errno::ELIBSCN
4.1	Errno::ELNRNG
4.1	Errno::ELOOP
4.1	Errno::EMEDIUMTYPE
4.1	Errno::EMFILE
4.1	Errno::EMLINK
4.1	Errno::EMSGSIZE
4.1	Errno::EMULTIHOP
4.1	Errno::ENAMETOOLONG
4.1	Errno::ENAVAIL
4.1	Errno::ENEEDAUTH
4.1	Errno::ENETDOWN
4.1	Errno::ENETRESET
4.1	Errno::ENETUNREACH
4.1	Errno::ENFILE
4.1	Errno::ENOANO
4.1	Errno::ENOATTR
4.1	Errno::ENOBUFS
4.1	Errno::ENOCSI
4.1	Errno::ENODATA
4.1	Errno::ENODEV
4.1	Errno::ENOENT
4.1	Errno::ENOEXEC
4.1	Errno::ENOKEY
4.1	Errno::ENOLCK
4.1	Errno::ENOLINK
4.1	Errno::ENOMEDIUM
4.1	Errno::ENOMEM
4.1	Errno::ENOMSG
4.1	Errno::ENONET
4.1	Errno::ENOPKG
4.1	Errno::ENOPROTOOPT
4.1	Errno::ENOSPC
4.1	Errno::ENOSR
4.1	Errno::ENOSTR
4.1	Errno::ENOSYS
4.1	Errno::ENOTBLK
4.1	Errno::ENOTCAPABLE
4.1	Errno::ENOTCONN
4.1	Errno::ENOTDIR
4.1	Errno::ENOTEMPTY
4.1	Errno::ENOTNAM
4.1	Errno::ENOTRECOVERABLE
4.1	Errno::ENOTSOCK
4.1	Errno::ENOTSUP
4.1	Errno::ENOTTY
4.1	Errno::ENOTUNIQ
4.1	Errno::ENXIO
4.1	Errno::EOPNOTSUPP
4.1	Errno::EOVERFLOW
4.1	Errno::EOWNERDEAD
4.1	Errno::EPERM
4.1	Errno::EPFNOSUPPORT
4.1	Errno::EPIPE
4.1	Errno::EPROCLIM
4.1	Errno::EPROCUNAVAIL
4.1	Errno::EPROGMISMATCH
4.1	Errno::EPROGUNAVAIL
4.1	Errno::EPROTO
4.1	Errno::EPROTONOSUPPORT
4.1	Errno::EPROTOTYPE
4.1	Errno::ERANGE
4.1	Errno::EREMCHG
4.1	Errno::EREMOTE
4.1	Errno::EREMOTEIO
4.1	Errno::ERESTART
4.1	Errno::ERFKILL
4.1	Errno::EROFS
4.1	Errno::ERPCMISMATCH
4.1	Errno::ESHUTDOWN
4.1	Errno::ESOCKTNOSUPPORT
4.1	Errno::ESPIPE
4.1	Errno::ESRCH
4.1	Errno::ESRMNT
4.1	Errno::ESTALE
4.1	Errno::ESTRPIPE
4.1	Errno::ETIME
4.1	Errno::ETIMEDOUT
4.1	Errno::ETOOMANYREFS
4.1	Errno::ETXTBSY
4.1	Errno::EUCLEAN
4.1	Errno::EUNATCH
4.1	Errno::EUSERS
4.1	Errno::EWOULDBLOCK
4.1	Errno::EXDEV
4.1	Errno::EXFULL
4.1	Errno::EXXX
4.1	Errno::NOERROR
4.1	Exception
4.1	FalseClass
4.1	Fiber
4.1	FiberError
4.1	File
4.1	File::Constants
4.1	File::Stat
4.1	FileTest
4.1	Float
4.1	FloatDomainError
4.1	FrozenError
4.1	GC
4.1	GC::Profiler
4.1	Hash
4.1	IO
4.1	IO::EAGAINWaitReadable
4.1	IO::EAGAINWaitWritable
4.1	IO::EINPROGRESSWaitReadable
4.1	IO::EINPROGRESSWaitWritable
4.1	IO::WaitReadable
4.1	IO::WaitWritable
4.1	IOError
4.1	IndexError
4.1	Integer
4.1	Interrupt
4.1	Kernel
4.1	KeyError
4.1	LoadError
4.1	LocalJumpError
4.1	Marshal
4.1	MatchData
4.1	Math
4.1	Math::DomainError
4.1	Method
4.1	Module
4.1	Mutex
4.1	NameError
4.1	NilClass
4.1	NoMatchingPatternError
4.1	NoMemoryError
4.1	NoMethodError
4.1	NotImplementedError
4.1	Numeric
4.1	Object
4.1	ObjectSpace
4.1	ObjectSpace::WeakMap
4.1	Proc
4.1	Process
4.1	Process::GID
4.1	Process::Status
4.1	Process::Sys
4.1	Process::Tms
4.1	Process::UID
4.1	Process::Waiter
4.1	Queue
4.1	Ractor
4.1	Ractor::MovedObject
4.1	Ractor::Port
4.1	Random
4.1	Random::Formatter
4.1	Range
4.1	RangeError
4.1	Rational
4.1	Refinement
4.1	Regexp
4.1	RegexpError
4.1	RubyVM
4.1	RubyVM::AbstractSyntaxTree
4.1	RubyVM::AbstractSyntaxTree::Node
4.1	RubyVM::InstructionSequence
4.1	RubyVM::YJIT
4.1	RuntimeError
4.1	ScriptError
4.1	SecurityError
4.1	Set
4.1	Signal
4.1	SignalException
4.1	SizedQueue
4.1	StandardError
4.1	StopIteration
4.1	String
4.1	Struct
4.1	Symbol
4.1	SyntaxError
4.1	SystemCallError
4.1	SystemExit
4.1	SystemStackError
4.1	Thread
4.1	Thread::Backtrace::Location
4.1	Thread::ConditionVariable
4.1	Thread::Mutex
4.1	Thread::Queue
4.1	Thread::SizedQueue
4.1	ThreadError
4.1	ThreadGroup
4.1	Time
4.1	TracePoint
4.1	TrueClass
4.1	TypeError
4.1	UnboundMethod
4.1	UncaughtThrowError
4.1	Warning
4.1	ZeroDivisionError
4.1	fatal
4.1	main
